Date,Max_Temp,Avg_Temp,Rainfall,rowid
1/1/18,59,56,0.07,1
1/2/18,55,48,0,2
1/3/18,52,48,1.15,3
1/4/18,53,41,0,4
1/5/18,55,42,0,5
1/6/18,58,46,0,6
1/7/18,66,50,0,7
1/8/18,72,59,0,8
1/9/18,77,65,0,9
1/10/18,75,68,0.02,10
1/11/18,82,70,0,11
1/12/18,81,70,0.05,12
1/13/18,63,60,0,13
1/14/18,61,49,0,14
1/15/18,66,52,0,15
1/16/18,73,55,0,16
1/17/18,71,57,0,17
1/18/18,53,41,0,18
1/19/18,66,47,0,19
1/20/18,71,56,0,20
1/21/18,78,63,0,21
1/22/18,81,67,0,22
1/23/18,83,71,0.04,23
1/24/18,71,62,0,24
1/25/18,70,58,0,25
1/26/18,75,60,0,26
1/27/18,77,67,0,27
1/28/18,80,68,0.34,28
1/29/18,74,69,0.43,29
1/30/18,64,56,0,30
1/31/18,70,53,0,31
2/1/18,75,60,0,32
2/2/18,76,64,0,33
2/3/18,69,61,0,34
2/4/18,77,66,0.35,35
2/5/18,76,68,0,36
2/6/18,83,64,0,37
2/7/18,82,70,0,38
2/8/18,82,71,0,39
2/9/18,83,69,0,40
2/10/18,86,72,0,41
2/11/18,87,74,0,42
2/12/18,86,76,0,43
2/13/18,84,75,0.01,44
2/14/18,78,69,0,45
2/15/18,83,68,0,46
2/16/18,85,72,0,47
2/17/18,84,71,0,48
2/18/18,86,71,0,49
2/19/18,84,72,0,50
2/20/18,87,75,0,51
2/21/18,85,76,0,52
2/22/18,85,74,0,53
2/23/18,85,73,0,54
2/24/18,85,73,0,55
2/25/18,87,73,0,56
2/26/18,88,76,0,57
2/27/18,84,75,0,58
2/28/18,85,70,0,59
3/1/18,87,74,0,60
3/2/18,84,74,0.04,61
3/3/18,74,64,0,62
3/4/18,72,58,0,63
3/5/18,77,59,0,64
3/6/18,81,65,0.01,65
3/7/18,74,68,0.05,66
3/8/18,65,57,0,67
3/9/18,70,55,0,68
3/10/18,73,58,0,69
3/11/18,84,70,0,70
3/12/18,74,70,0.03,71
3/13/18,67,55,0,72
3/14/18,69,57,0,73
3/15/18,71,58,0,74
3/16/18,78,59,0,75
3/17/18,83,66,0,76
3/18/18,85,70,0,77
3/19/18,86,73,0.29,78
3/20/18,83,71,0.37,79
3/21/18,70,64,0,80
3/22/18,69,58,0,81
3/23/18,73,59,0,82
3/24/18,79,62,0,83
3/25/18,85,68,0,84
3/26/18,79,71,0,85
3/27/18,78,69,0,86
3/28/18,82,69,0,87
3/29/18,84,72,0,88
3/30/18,86,73,0,89
3/31/18,74,70,0.04,90
4/1/18,86,70,0,91
4/2/18,87,74,0,92
4/3/18,88,76,0,93
4/4/18,88,76,0,94
4/5/18,81,72,0,95
4/6/18,85,72,0,96
4/7/18,89,75,0.11,97
4/8/18,78,70,0.02,98
4/9/18,89,74,0.06,99
4/10/18,75,71,1.37,100
4/11/18,77,67,0.37,101
4/12/18,82,68,0,102
4/13/18,83,72,0,103
4/14/18,90,74,0,104
4/15/18,90,78,0.13,105
4/16/18,72,64,0,106
4/17/18,81,64,0,107
4/18/18,88,69,0,108
4/19/18,88,73,0,109
4/20/18,87,74,0,110
4/21/18,83,73,0,111
4/22/18,82,74,0.04,112
4/23/18,87,76,0.04,113
4/24/18,87,76,0,114
4/25/18,84,71,0,115
4/26/18,84,70,0,116
4/27/18,87,74,0,117
4/28/18,84,73,0,118
4/29/18,88,74,0,119
4/30/18,84,74,0,120
5/1/18,85,73,0,121
5/2/18,84,72,0,122
5/3/18,86,75,0,123
5/4/18,87,75,0,124
5/5/18,86,75,0.18,125
5/6/18,82,75,0.41,126
5/7/18,91,78,0,127
5/8/18,88,76,0,128
5/9/18,89,75,0,129
5/10/18,88,76,0,130
5/11/18,93,78,0,131
5/12/18,77,75,0.09,132
5/13/18,85,75,0.14,133
5/14/18,76,72,0.75,134
5/15/18,89,75,0.75,135
5/16/18,88,74,0.69,136
5/17/18,86,74,0.77,137
5/18/18,86,75,0.08,138
5/19/18,83,75,1.34,139
5/20/18,78,72,0.28,140
5/21/18,80,75,0.01,141
5/22/18,82,75,0,142
5/23/18,89,77,0,143
5/24/18,91,79,0,144
5/25/18,88,78,0,145
5/26/18,85,77,0.04,146
5/27/18,84,76,0.29,147
5/28/18,87,79,0.24,148
5/29/18,89,78,0.02,149
5/30/18,81,76,0.75,150
5/31/18,86,76,0.66,151
6/1/18,91,78,0.38,152
6/2/18,91,81,0.27,153
6/3/18,89,81,0,154
6/4/18,94,83,0,155
6/5/18,92,83,0,156
6/6/18,87,79,0.03,157
6/7/18,91,79,2.35,158
6/8/18,89,75,0.48,159
6/9/18,89,77,0,160
6/10/18,90,80,0,161
6/11/18,90,79,0.05,162
6/12/18,90,78,0.31,163
6/13/18,92,79,0.03,164
6/14/18,92,79,1.25,165
6/15/18,91,79,0,166
6/16/18,91,79,0,167
6/17/18,93,80,0,168
6/18/18,92,83,0,169
6/19/18,92,81,0,170
6/20/18,94,82,0.27,171
6/21/18,88,79,0.96,172
6/22/18,93,81,0.49,173
6/23/18,93,81,0.02,174
6/24/18,93,80,0.84,175
6/25/18,92,80,0.04,176
6/26/18,92,82,1.02,177
6/27/18,92,79,0,178
6/28/18,92,80,0,179
6/29/18,89,78,0.25,180
6/30/18,86,76,0.47,181
7/1/18,92,79,0.13,182
7/2/18,93,81,0,183
7/3/18,92,83,0,184
7/4/18,85,79,0.16,185
7/5/18,89,77,0.52,186
7/6/18,88,76,0.51,187
7/7/18,90,78,0.02,188
7/8/18,91,79,0.03,189
7/9/18,90,81,0,190
7/10/18,93,82,0,191
7/11/18,93,84,0,192
7/12/18,95,83,0,193
7/13/18,94,83,0,194
7/14/18,94,83,0,195
7/15/18,91,84,0.54,196
7/16/18,94,83,0,197
7/17/18,94,82,0.17,198
7/18/18,90,79,0.49,199
7/19/18,89,79,0.66,200
7/20/18,87,79,0.43,201
7/21/18,90,81,0.26,202
7/22/18,94,81,2.43,203
7/23/18,91,78,0.06,204
7/24/18,89,80,0.07,205
7/25/18,90,80,0.1,206
7/26/18,90,80,0.17,207
7/27/18,91,81,1.21,208
7/28/18,91,80,1.23,209
7/29/18,91,79,0.04,210
7/30/18,89,80,0,211
7/31/18,90,79,0.01,212
8/1/18,92,81,0.73,213
8/2/18,92,81,0.03,214
8/3/18,92,82,0.26,215
8/4/18,91,83,0,216
8/5/18,92,83,0.04,217
8/6/18,91,82,0,218
8/7/18,94,83,0,219
8/8/18,93,83,0.82,220
8/9/18,94,80,1.58,221
8/10/18,88,78,0.07,222
8/11/18,88,80,0,223
8/12/18,89,80,0.39,224
8/13/18,91,80,0,225
8/14/18,91,80,0.02,226
8/15/18,91,81,0,227
8/16/18,94,83,0.38,228
8/17/18,93,83,0,229
8/18/18,93,83,0,230
8/19/18,94,83,0.64,231
8/20/18,93,80,0,232
8/21/18,92,82,0.23,233
8/22/18,90,79,0.53,234
8/23/18,91,80,0.03,235
8/24/18,91,80,0,236
8/25/18,92,80,0.01,237
8/26/18,92,81,0,238
8/27/18,91,81,0.33,239
8/28/18,91,78,0.35,240
8/29/18,87,78,0.28,241
8/30/18,87,78,0,242
8/31/18,91,83,0,243
9/1/18,91,82,0.02,244
9/2/18,90,80,0.56,245
9/3/18,88,78,0.12,246
9/4/18,90,82,0,247
9/5/18,91,83,0.01,248
9/6/18,90,82,0,249
9/7/18,86,79,0.02,250
9/8/18,90,78,0.35,251
9/9/18,89,80,0.38,252
9/10/18,91,80,0.01,253
9/11/18,90,80,0,254
9/12/18,92,83,0,255
9/13/18,92,83,0,256
9/14/18,94,83,0,257
9/15/18,94,84,0,258
9/16/18,94,84,0.05,259
9/17/18,93,83,0,260
9/18/18,93,84,0,261
9/19/18,94,82,0,262
9/20/18,94,81,0.03,263
9/21/18,91,82,0.17,264
9/22/18,89,81,0,265
9/23/18,88,80,0.01,266
9/24/18,92,81,0.03,267
9/25/18,93,82,0,268
9/26/18,93,82,0,269
9/27/18,95,83,0.15,270
9/28/18,93,83,0,271
9/29/18,93,83,0,272
9/30/18,92,82,0,273
10/1/18,88,80,0.01,274
10/2/18,88,80,0,275
10/3/18,90,79,0,276
10/4/18,88,79,0,277
10/5/18,91,80,0,278
10/6/18,91,80,0,279
10/7/18,89,79,0.56,280
10/8/18,87,78,0.4,281
10/9/18,90,79,0.16,282
10/10/18,90,81,0,283
10/11/18,89,82,0.42,284
10/12/18,89,80,0,285
10/13/18,88,78,0,286
10/14/18,90,78,0,287
10/15/18,91,81,0,288
10/16/18,92,81,0,289
10/17/18,92,81,0,290
10/18/18,91,80,0,291
10/19/18,88,78,0.67,292
10/20/18,89,79,0,293
10/21/18,80,77,0,294
10/22/18,84,72,0,295
10/23/18,83,74,0,296
10/24/18,84,74,0,297
10/25/18,83,74,0,298
10/26/18,86,76,0.02,299
10/27/18,74,71,0,300
10/28/18,76,65,0,301
10/29/18,84,66,0,302
10/30/18,84,72,0,303
10/31/18,84,71,0,304
11/1/18,85,72,0,305
11/2/18,86,74,0.04,306
11/3/18,74,66,0,307
11/4/18,83,70,1.71,308
11/5/18,82,74,0,309
11/6/18,86,76,0,310
11/7/18,87,76,0,311
11/8/18,88,78,0.04,312
11/9/18,87,77,0,313
11/10/18,83,75,0,314
11/11/18,85,72,0,315
11/12/18,84,76,0.07,316
11/13/18,86,75,0.01,317
11/14/18,88,77,0,318
11/15/18,75,71,0.16,319
11/16/18,65,57,0,320
11/17/18,76,59,0,321
11/18/18,82,67,0,322
11/19/18,81,71,0,323
11/20/18,78,71,0.04,324
11/21/18,76,66,0,325
11/22/18,74,63,0,326
11/23/18,81,69,0,327
11/24/18,85,71,0,328
11/25/18,79,71,0,329
11/26/18,85,71,0.14,330
11/27/18,64,60,0,331
11/28/18,57,49,0,332
11/29/18,64,52,0,333
11/30/18,79,60,0,334
12/1/18,82,71,0,335
12/2/18,87,76,0,336
12/3/18,87,75,0.42,337
12/4/18,73,71,0.69,338
12/5/18,62,57,0,339
12/6/18,70,53,0,340
12/7/18,76,60,0,341
12/8/18,80,66,0,342
12/9/18,73,69,1.19,343
12/10/18,62,58,0,344
12/11/18,57,48,0,345
12/12/18,68,51,0,346
12/13/18,75,62,0,347
12/14/18,77,70,0.01,348
12/15/18,73,67,0.75,349
12/16/18,67,61,0,350
12/17/18,65,56,0,351
12/18/18,71,58,0,352
12/19/18,76,61,0.08,353
12/20/18,70,64,3.65,354
12/21/18,65,62,0.01,355
12/22/18,62,54,0,356
12/23/18,68,54,0,357
12/24/18,70,57,0,358
12/25/18,74,61,0,359
12/26/18,77,64,0,360
12/27/18,80,69,0,361
12/28/18,82,74,0,362
12/29/18,81,74,0,363
12/30/18,82,74,0,364
12/31/18,84,74,0,365
1/1/19,83,72,0,366
1/2/19,83,72,0,367
1/3/19,83,72,0,368
1/4/19,83,72,0.13,369
1/5/19,70,65,0,370
1/6/19,71,58,0,371
1/7/19,79,63,0,372
1/8/19,79,67,0,373
1/9/19,73,65,0,374
1/10/19,61,53,0,375
1/11/19,74,57,0,376
1/12/19,78,64,0,377
1/13/19,81,67,0,378
1/14/19,67,63,0,379
1/15/19,61,54,0,380
1/16/19,60,51,0,381
1/17/19,74,56,0,382
1/18/19,76,62,0,383
1/19/19,80,63,0,384
1/20/19,67,63,0.45,385
1/21/19,62,48,0,386
1/22/19,73,57,0,387
1/23/19,79,66,0,388
1/24/19,76,70,0.76,389
1/25/19,63,55,0,390
1/26/19,64,53,0,391
1/27/19,56,54,2.01,392
1/28/19,58,50,0.15,393
1/29/19,68,54,0,394
1/30/19,56,55,0,395
1/31/19,65,52,0,396
2/1/19,75,62,0,397
2/2/19,77,67,0.03,398
2/3/19,73,66,0,399
2/4/19,70,62,0,400
2/5/19,78,63,0,401
2/6/19,81,66,0,402
2/7/19,82,68,0,403
2/8/19,83,69,0,404
2/9/19,78,67,0.11,405
2/10/19,72,68,0.61,406
2/11/19,84,70,0,407
2/12/19,85,74,0.16,408
2/13/19,71,63,0.68,409
2/14/19,75,58,0,410
2/15/19,79,65,0,411
2/16/19,81,67,0,412
2/17/19,85,71,0,413
2/18/19,86,74,0,414
2/19/19,86,74,0,415
2/20/19,87,75,0,416
2/21/19,84,74,0.03,417
2/22/19,87,76,0,418
2/23/19,88,78,0,419
2/24/19,88,77,0,420
2/25/19,76,70,0,421
2/26/19,74,66,0.11,422
2/27/19,83,70,0.03,423
2/28/19,81,70,0,424
3/1/19,83,71,0,425
3/2/19,86,73,0,426
3/3/19,86,74,0,427
3/4/19,85,75,0,428
3/5/19,63,61,0.08,429
3/6/19,63,53,0,430
3/7/19,72,55,0,431
3/8/19,79,64,0,432
3/9/19,83,69,0,433
3/10/19,87,74,0,434
3/11/19,87,76,0,435
3/12/19,75,71,0,436
3/13/19,79,69,0,437
3/14/19,83,71,0,438
3/15/19,86,72,0,439
3/16/19,82,73,0,440
3/17/19,73,65,0.01,441
3/18/19,67,61,0,442
3/19/19,67,60,0.2,443
3/20/19,74,63,0.04,444
3/21/19,76,65,0,445
3/22/19,78,64,0,446
3/23/19,81,64,0,447
3/24/19,82,68,0,448
3/25/19,84,70,0,449
3/26/19,84,73,0,450
3/27/19,73,64,0.23,451
3/28/19,79,66,0,452
3/29/19,79,67,0,453
3/30/19,82,70,0,454
3/31/19,86,71,0,455
4/1/19,73,69,0,456
4/2/19,77,67,0,457
4/3/19,78,65,0,458
4/4/19,83,69,0,459
4/5/19,85,73,0.57,460
4/6/19,88,76,0.01,461
4/7/19,89,77,0,462
4/8/19,91,78,0,463
4/9/19,86,76,0.11,464
4/10/19,82,73,0,465
4/11/19,87,73,0,466
4/12/19,89,78,0.01,467
4/13/19,92,79,0,468
4/14/19,90,79,0.21,469
4/15/19,81,74,0,470
4/16/19,85,70,0,471
4/17/19,85,72,0,472
4/18/19,91,76,0.02,473
4/19/19,87,77,0.52,474
4/20/19,75,66,0,475
4/21/19,77,66,0,476
4/22/19,83,68,0,477
4/23/19,86,71,0,478
4/24/19,86,73,0,479
4/25/19,86,74,0,480
4/26/19,87,75,0.02,481
4/27/19,86,74,0,482
4/28/19,88,74,0,483
4/29/19,88,76,0,484
4/30/19,89,78,0,485
5/1/19,88,77,0,486
5/2/19,86,77,0.75,487
5/3/19,90,78,0,488
5/4/19,91,77,0.62,489
5/5/19,87,75,0.23,490
5/6/19,89,77,0.01,491
5/7/19,90,79,0,492
5/8/19,88,78,0,493
5/9/19,87,77,0,494
5/10/19,89,79,0,495
5/11/19,92,79,0.05,496
5/12/19,90,79,0.33,497
5/13/19,85,75,1.08,498
5/14/19,80,73,1.27,499
5/15/19,84,75,0,500
5/16/19,86,76,0,501
5/17/19,88,76,0,502
5/18/19,88,76,0,503
5/19/19,91,77,0,504
5/20/19,91,80,0,505
5/21/19,92,80,0,506
5/22/19,91,80,0,507
5/23/19,90,79,0,508
5/24/19,89,78,0,509
5/25/19,93,80,0,510
5/26/19,95,81,0,511
5/27/19,96,82,0,512
5/28/19,97,83,0,513
5/29/19,96,82,0,514
5/30/19,96,82,0,515
5/31/19,96,83,0,516
6/1/19,96,85,0,517
6/2/19,94,81,0,518
6/3/19,94,84,0,519
6/4/19,96,83,0,520
6/5/19,95,83,0.25,521
6/6/19,92,80,0,522
6/7/19,94,82,0,523
6/8/19,93,81,0.25,524
6/9/19,93,79,1.52,525
6/10/19,91,76,0.64,526
6/11/19,90,78,0.26,527
6/12/19,92,78,0.37,528
6/13/19,85,77,0.87,529
6/14/19,85,78,0,530
6/15/19,90,80,0,531
6/16/19,90,79,1.79,532
6/17/19,88,78,0.95,533
6/18/19,91,79,0.46,534
6/19/19,91,79,0.76,535
6/20/19,94,81,0.08,536
6/21/19,95,85,0,537
6/22/19,93,85,0,538
6/23/19,96,84,0,539
6/24/19,96,85,0,540
6/25/19,98,87,0.01,541
6/26/19,97,85,0,542
6/27/19,93,84,0,543
6/28/19,93,83,0,544
6/29/19,88,79,0.08,545
6/30/19,93,81,0.68,546
7/1/19,95,83,0,547
7/2/19,97,86,0,548
7/3/19,96,86,0.54,549
7/4/19,95,82,0.03,550
7/5/19,95,84,0,551
7/6/19,92,82,1.3,552
7/7/19,90,78,0.07,553
7/8/19,90,79,0.02,554
7/9/19,92,80,0.35,555
7/10/19,94,81,0.02,556
7/11/19,93,80,0.03,557
7/12/19,90,79,1.03,558
7/13/19,89,78,0,559
7/14/19,95,85,0,560
7/15/19,95,83,0.12,561
7/16/19,95,83,0,562
7/17/19,95,84,0,563
7/18/19,93,81,0,564
7/19/19,94,82,0,565
7/20/19,92,81,0,566
7/21/19,93,81,0.06,567
7/22/19,93,81,0,568
7/23/19,91,80,0.35,569
7/24/19,90,79,0.4,570
7/25/19,84,76,0.73,571
7/26/19,87,77,0.06,572
7/27/19,90,79,0,573
7/28/19,94,83,0.05,574
7/29/19,94,82,0.32,575
7/30/19,93,82,0.38,576
7/31/19,94,82,0.14,577
8/1/19,90,78,0,578
8/2/19,89,78,0.39,579
8/3/19,87,78,0.23,580
8/4/19,92,82,0,581
8/5/19,89,80,0.15,582
8/6/19,87,77,0.02,583
8/7/19,90,78,0.99,584
8/8/19,93,79,0.62,585
8/9/19,94,81,0,586
8/10/19,94,82,0,587
8/11/19,94,83,1.39,588
8/12/19,93,82,0.4,589
8/13/19,90,80,0,590
8/14/19,92,81,0.81,591
8/15/19,89,80,0.33,592
8/16/19,87,78,0.06,593
8/17/19,89,79,0,594
8/18/19,93,81,0.19,595
8/19/19,92,81,0,596
8/20/19,91,81,0.05,597
8/21/19,93,83,0,598
8/22/19,93,83,0,599
8/23/19,86,81,0.28,600
8/24/19,92,83,0,601
8/25/19,93,83,0,602
8/26/19,94,83,0.91,603
8/27/19,93,80,0,604
8/28/19,91,83,0,605
8/29/19,93,83,0.04,606
8/30/19,90,82,0,607
8/31/19,91,82,0.42,608
9/1/19,91,83,0.04,609
9/2/19,89,81,0.51,610
9/3/19,87,80,0.93,611
9/4/19,87,78,0.23,612
9/5/19,95,85,0,613
9/6/19,95,85,0,614
9/7/19,92,82,0,615
9/8/19,93,83,0,616
9/9/19,95,84,0,617
9/10/19,92,83,0,618
9/11/19,91,82,0,619
9/12/19,91,81,0.01,620
9/13/19,87,81,0,621
9/14/19,90,81,0.11,622
9/15/19,90,81,0,623
9/16/19,92,83,0,624
9/17/19,94,82,0,625
9/18/19,89,81,0,626
9/19/19,88,79,0,627
9/20/19,88,78,0.01,628
9/21/19,87,78,0,629
9/22/19,88,78,0,630
9/23/19,88,77,0,631
9/24/19,90,78,0,632
9/25/19,92,79,0,633
9/26/19,91,79,0,634
9/27/19,94,80,0,635
9/28/19,93,81,0,636
9/29/19,92,81,0.05,637
9/30/19,93,82,0.04,638
10/1/19,90,80,0.07,639
10/2/19,92,81,0,640
10/3/19,92,80,0,641
10/4/19,93,81,0,642
10/5/19,93,81,0.01,643
10/6/19,91,80,0.16,644
10/7/19,88,79,0.19,645
10/8/19,87,79,0.01,646
10/9/19,81,77,0.07,647
10/10/19,88,78,0.04,648
10/11/19,89,78,0,649
10/12/19,90,77,0,650
10/13/19,89,78,0,651
10/14/19,91,79,0,652
10/15/19,90,78,0,653
10/16/19,91,80,0,654
10/17/19,87,79,0,655
10/18/19,82,75,0.36,656
10/19/19,87,78,3.17,657
10/20/19,90,81,0,658
10/21/19,91,80,0.01,659
10/22/19,92,81,0,660
10/23/19,85,79,0,661
10/24/19,90,79,0,662
10/25/19,88,79,1.26,663
10/26/19,91,80,0.72,664
10/27/19,90,80,0,665
10/28/19,92,82,0,666
10/29/19,92,82,0,667
10/30/19,91,82,0,668
10/31/19,91,81,0,669
11/1/19,81,76,0,670
11/2/19,88,75,0,671
11/3/19,81,73,0,672
11/4/19,84,75,0.02,673
11/5/19,87,77,0,674
11/6/19,87,78,0,675
11/7/19,89,79,0,676
11/8/19,84,76,0.21,677
11/9/19,80,70,0.43,678
11/10/19,81,68,0,679
11/11/19,84,71,0,680
11/12/19,85,73,0,681
11/13/19,70,66,0,682
11/14/19,80,70,0.03,683
11/15/19,74,72,0.03,684
11/16/19,66,60,0,685
11/17/19,57,53,0,686
11/18/19,75,60,0,687
11/19/19,72,62,0,688
11/20/19,76,61,0,689
11/21/19,79,63,0,690
11/22/19,80,68,0,691
11/23/19,81,68,0,692
11/24/19,73,69,0.44,693
11/25/19,69,58,0,694
11/26/19,74,59,0,695
11/27/19,80,64,0,696
11/28/19,84,70,0,697
11/29/19,81,67,0,698
11/30/19,81,68,0,699
12/1/19,84,70,0,700
12/2/19,74,68,0.2,701
12/3/19,61,51,0,702
12/4/19,66,55,0,703
12/5/19,71,58,0,704
12/6/19,77,62,0,705
12/7/19,79,64,0,706
12/8/19,81,69,0,707
12/9/19,82,69,0,708
12/10/19,86,72,0.21,709
12/11/19,81,73,0.06,710
12/12/19,77,69,0.38,711
12/13/19,74,71,0.2,712
12/14/19,77,71,0.52,713
12/15/19,78,63,0,714
12/16/19,84,69,0,715
12/17/19,85,74,0.99,716
12/18/19,69,63,0,717
12/19/19,72,57,0,718
12/20/19,75,62,0,719
12/21/19,75,69,0.04,720
12/22/19,75,68,0.4,721
12/23/19,75,69,0.98,722
12/24/19,65,60,0,723
12/25/19,80,69,0,724
12/26/19,80,69,0,725
12/27/19,80,71,0.37,726
12/28/19,79,72,0.14,727
12/29/19,81,74,0.46,728
12/30/19,79,74,0,729
12/31/19,71,66,0,730
1/1/20,71,60,0,731
1/2/20,82,65,0,732
1/3/20,85,73,0,733
1/4/20,82,72,0.41,734
1/5/20,64,58,0,735
1/6/20,69,55,0,736
1/7/20,74,58,0,737
1/8/20,69,60,0,738
1/9/20,79,62,0,739
1/10/20,81,70,0,740
1/11/20,84,75,0.01,741
1/12/20,86,75,0.02,742
1/13/20,84,74,0,743
1/14/20,83,72,0,744
1/15/20,83,74,0,745
1/16/20,84,73,0,746
1/17/20,78,72,0,747
1/18/20,80,69,0,748
1/19/20,80,70,0,749
1/20/20,70,61,0,750
1/21/20,57,50,0,751
1/22/20,55,44,0,752
1/23/20,72,58,0.18,753
1/24/20,79,67,0,754
1/25/20,70,65,0,755
1/26/20,68,57,0,756
1/27/20,73,61,0,757
1/28/20,71,63,0,758
1/29/20,76,59,0,759
1/30/20,74,63,0,760
1/31/20,76,65,0,761
2/1/20,65,64,0.16,762
2/2/20,66,56,0,763
2/3/20,75,58,0,764
2/4/20,79,63,0,765
2/5/20,82,68,0,766
2/6/20,88,75,0,767
2/7/20,79,68,0.72,768
2/8/20,72,57,0,769
2/9/20,78,64,0,770
2/10/20,84,69,0,771
2/11/20,87,74,0,772
2/12/20,88,76,0,773
2/13/20,89,77,0,774
2/14/20,76,72,0.02,775
2/15/20,79,66,0,776
2/16/20,84,71,0.09,777
2/17/20,85,72,0,778
2/18/20,87,74,0,779
2/19/20,88,76,0,780
2/20/20,86,74,0,781
2/21/20,67,60,0.03,782
2/22/20,74,56,0,783
2/23/20,78,62,0,784
2/24/20,81,67,0,785
2/25/20,87,72,0,786
2/26/20,81,72,0.54,787
2/27/20,64,59,0.01,788
2/28/20,65,54,0,789
2/29/20,67,56,0,790
3/1/20,72,58,0,791
3/2/20,79,64,0,792
3/3/20,85,70,0,793
3/4/20,90,74,0,794
3/5/20,92,78,0,795
3/6/20,78,73,0.02,796
3/7/20,66,59,0,797
3/8/20,75,60,0,798
3/9/20,76,66,0,799
3/10/20,79,69,0,800
3/11/20,85,71,0,801
3/12/20,85,73,0,802
3/13/20,88,74,0,803
3/14/20,88,75,0,804
3/15/20,89,75,0,805
3/16/20,82,74,0,806
3/17/20,87,75,0,807
3/18/20,88,75,0,808
3/19/20,89,76,0,809
3/20/20,89,76,0,810
3/21/20,89,76,0,811
3/22/20,89,77,0,812
3/23/20,89,77,0,813
3/24/20,90,78,0,814
3/25/20,90,78,0,815
3/26/20,89,77,0,816
3/27/20,90,78,0,817
3/28/20,93,78,0,818
3/29/20,91,78,0,819
3/30/20,91,79,0,820
3/31/20,91,80,0.32,821
4/1/20,76,71,0,822
4/2/20,79,66,0,823
4/3/20,84,69,0,824
4/4/20,88,73,0,825
4/5/20,73,70,0.29,826
4/6/20,81,71,0,827
4/7/20,87,74,0,828
4/8/20,90,78,0,829
4/9/20,91,80,0,830
4/10/20,87,79,0,831
4/11/20,84,71,0,832
4/12/20,94,80,0,833
4/13/20,97,85,0,834
4/14/20,93,82,0,835
4/15/20,94,81,0.04,836
4/16/20,73,68,0.13,837
4/17/20,83,72,0,838
4/18/20,83,75,0.46,839
4/19/20,93,80,0,840
4/20/20,88,81,0.03,841
4/21/20,87,75,0,842
4/22/20,86,75,0,843
4/23/20,92,78,0,844
4/24/20,79,76,0.65,845
4/25/20,88,74,0,846
4/26/20,89,81,0,847
4/27/20,80,72,0,848
4/28/20,83,70,0,849
4/29/20,88,74,0,850
4/30/20,83,75,0.6,851
5/1/20,82,69,0,852
5/2/20,87,73,0,853
5/3/20,88,75,0,854
5/4/20,90,77,0,855
5/5/20,91,79,0,856
5/6/20,91,79,0,857
5/7/20,78,72,0,858
5/8/20,86,69,0,859
5/9/20,87,75,0,860
5/10/20,83,74,0,861
5/11/20,88,75,0,862
5/12/20,87,74,0,863
5/13/20,86,74,0,864
5/14/20,85,75,0,865
5/15/20,88,77,0.03,866
5/16/20,88,77,0.13,867
5/17/20,93,79,0,868
5/18/20,89,78,0.02,869
5/19/20,94,79,0,870
5/20/20,93,79,0,871
5/21/20,95,82,0.21,872
5/22/20,94,78,0,873
5/23/20,92,81,0,874
5/24/20,87,80,0.01,875
5/25/20,77,75,0.22,876
5/26/20,89,79,0.36,877
5/27/20,88,77,0.22,878
5/28/20,93,78,1.45,879
5/29/20,92,78,0.02,880
5/30/20,93,80,1.18,881
5/31/20,94,80,0,882
6/1/20,91,83,0,883
6/2/20,82,78,0.32,884
6/3/20,85,78,0.01,885
6/4/20,79,75,2.07,886
6/5/20,91,77,0.11,887
6/6/20,82,77,0.66,888
6/7/20,86,79,1.04,889
6/8/20,93,81,0,890
6/9/20,92,83,0.03,891
6/10/20,96,81,0.15,892
6/11/20,91,80,0.04,893
6/12/20,91,81,0,894
6/13/20,88,80,0,895
6/14/20,91,79,0.49,896
6/15/20,91,80,0,897
6/16/20,89,78,0,898
6/17/20,90,78,0.1,899
6/18/20,92,79,2.01,900
6/19/20,89,78,0.1,901
6/20/20,93,81,0.25,902
6/21/20,94,82,0,903
6/22/20,94,84,3.02,904
6/23/20,93,81,0.01,905
6/24/20,94,84,0,906
6/25/20,97,85,0,907
6/26/20,96,85,0,908
6/27/20,95,85,0,909
6/28/20,95,85,0,910
6/29/20,97,86,0,911
6/30/20,96,86,0,912
7/1/20,95,83,0.29,913
7/2/20,93,81,0.73,914
7/3/20,90,82,0.16,915
7/4/20,93,81,0.39,916
7/5/20,91,78,0.44,917
7/6/20,92,79,0.36,918
7/7/20,91,79,0.02,919
7/8/20,89,80,0.39,920
7/9/20,94,84,0.03,921
7/10/20,93,84,0.74,922
7/11/20,91,81,0.29,923
7/12/20,95,82,0,924
7/13/20,96,84,0,925
7/14/20,94,86,1.62,926
7/15/20,95,82,0.31,927
7/16/20,92,82,0,928
7/17/20,93,84,0,929
7/18/20,93,83,0,930
7/19/20,93,84,0,931
7/20/20,89,82,0.12,932
7/21/20,91,83,0.17,933
7/22/20,89,81,0.08,934
7/23/20,86,80,0.49,935
7/24/20,91,81,0,936
7/25/20,92,83,0,937
7/26/20,92,83,0,938
7/27/20,93,80,0.22,939
7/28/20,89,78,0.11,940
7/29/20,92,80,0.22,941
7/30/20,94,82,0.01,942
7/31/20,94,83,0,943
8/1/20,94,85,0,944
8/2/20,88,83,0.08,945
8/3/20,94,84,0,946
8/4/20,93,85,0.53,947
8/5/20,92,79,1.14,948
8/6/20,93,82,0.97,949
8/7/20,94,81,0,950
8/8/20,95,82,0,951
8/9/20,95,85,1.34,952
8/10/20,94,83,0,953
8/11/20,95,83,0,954
8/12/20,92,81,0.12,955
8/13/20,93,83,0.19,956
8/14/20,94,84,0,957
8/15/20,93,82,0.31,958
8/16/20,91,82,0.74,959
8/17/20,91,81,0.04,960
8/18/20,91,79,0.17,961
8/19/20,87,79,0,962
8/20/20,90,80,0.1,963
8/21/20,91,79,0.11,964
8/22/20,93,81,0.13,965
8/23/20,94,83,0.06,966
8/24/20,94,85,0.21,967
8/25/20,94,86,0,968
8/26/20,94,85,0,969
8/27/20,92,84,0.14,970
8/28/20,94,83,0,971
8/29/20,94,84,0.03,972
8/30/20,87,79,0.35,973
8/31/20,89,78,0.66,974
9/1/20,93,81,0,975
9/2/20,95,84,0.15,976
9/3/20,96,84,0,977
9/4/20,96,84,0.11,978
9/5/20,95,85,0,979
9/6/20,93,84,0,980
9/7/20,92,80,0.16,981
9/8/20,91,80,0,982
9/9/20,92,80,4.05,983
9/10/20,90,80,0,984
9/11/20,91,82,0.14,985
9/12/20,85,80,0.35,986
9/13/20,86,78,0.39,987
9/14/20,89,80,0.93,988
9/15/20,90,81,0,989
9/16/20,92,82,0,990
9/17/20,92,81,0.48,991
9/18/20,91,82,0,992
9/19/20,91,82,0.15,993
9/20/20,82,78,1.37,994
9/21/20,86,80,0,995
9/22/20,87,77,0,996
9/23/20,87,76,0,997
9/24/20,90,79,0,998
9/25/20,94,81,0,999
9/26/20,94,82,0,1000
9/27/20,92,82,1.51,1001
9/28/20,88,78,0.19,1002
9/29/20,89,77,0.76,1003
9/30/20,78,72,0,1004
10/1/20,83,74,0,1005
10/2/20,83,74,0,1006
10/3/20,80,74,0.08,1007
10/4/20,80,74,0.02,1008
10/5/20,86,78,0,1009
10/6/20,92,81,0,1010
10/7/20,93,82,0.1,1011
10/8/20,91,82,0,1012
10/9/20,89,80,0.04,1013
10/10/20,92,81,0,1014
10/11/20,91,80,0.65,1015
10/12/20,88,80,0,1016
10/13/20,88,79,0,1017
10/14/20,90,79,0,1018
10/15/20,90,79,0,1019
10/16/20,90,80,0,1020
10/17/20,87,78,0.24,1021
10/18/20,86,76,0.02,1022
10/19/20,85,76,0.99,1023
10/20/20,86,78,0,1024
10/21/20,86,78,0.03,1025
10/22/20,86,77,0.22,1026
10/23/20,82,76,0.24,1027
10/24/20,86,76,0,1028
10/25/20,88,78,0,1029
10/26/20,89,78,0,1030
10/27/20,88,80,0,1031
10/28/20,90,80,0,1032
10/29/20,91,80,0,1033
10/30/20,79,75,0,1034
10/31/20,86,71,0,1035
11/1/20,85,77,2.18,1036
11/2/20,73,69,0,1037
11/3/20,78,65,0,1038
11/4/20,80,68,0,1039
11/5/20,84,73,0.02,1040
11/6/20,83,73,0,1041
11/7/20,85,75,0,1042
11/8/20,79,76,0.08,1043
11/9/20,80,77,0.46,1044
11/10/20,82,77,0.56,1045
11/11/20,85,78,0.06,1046
11/12/20,82,76,0.61,1047
11/13/20,79,74,0,1048
11/14/20,82,73,0,1049
11/15/20,85,75,1.07,1050
11/16/20,80,74,0,1051
11/17/20,76,67,0,1052
11/18/20,76,63,0,1053
11/19/20,76,66,0,1054
11/20/20,79,69,0,1055
11/21/20,77,69,0.02,1056
11/22/20,77,70,0.1,1057
11/23/20,77,70,0,1058
11/24/20,80,67,0,1059
11/25/20,82,71,0,1060
11/26/20,82,71,0,1061
11/27/20,82,71,0,1062
11/28/20,82,71,0,1063
11/29/20,81,72,0,1064
11/30/20,73,69,0.08,1065
12/1/20,56,52,0,1066
12/2/20,60,48,0,1067
12/3/20,73,55,0,1068
12/4/20,75,65,0,1069
12/5/20,74,67,0,1070
12/6/20,72,59,0.04,1071
12/7/20,63,59,0.2,1072
12/8/20,57,51,0,1073
12/9/20,60,49,0,1074
12/10/20,69,53,0,1075
12/11/20,71,57,0,1076
12/12/20,71,63,0.01,1077
12/13/20,80,67,0,1078
12/14/20,79,69,0,1079
12/15/20,73,66,0,1080
12/16/20,77,65,0.19,1081
12/17/20,66,63,0,1082
12/18/20,60,50,0,1083
12/19/20,72,56,0,1084
12/20/20,75,62,0.4,1085
12/21/20,68,66,0,1086
12/22/20,71,58,0,1087
12/23/20,75,59,0,1088
12/24/20,81,67,0.12,1089
12/25/20,53,50,0.08,1090
12/26/20,53,44,0,1091
12/27/20,70,49,0,1092
12/28/20,76,60,0,1093
12/29/20,75,62,0,1094
12/30/20,77,65,0,1095
12/31/20,83,72,0,1096
1/1/21,83,73,0,1097
1/2/21,83,72,0,1098
1/3/21,70,67,0.02,1099
1/4/21,67,58,0,1100
1/5/21,70,56,0,1101
1/6/21,69,56,0,1102
1/7/21,74,60,0,1103
1/8/21,68,62,0.16,1104
1/9/21,57,51,0,1105
1/10/21,63,47,0,1106
1/11/21,75,58,0,1107
1/12/21,65,62,0,1108
1/13/21,59,55,0.01,1109
1/14/21,64,54,0,1110
1/15/21,74,55,0.03,1111
1/16/21,62,56,0,1112
1/17/21,60,50,0,1113
1/18/21,66,56,0,1114
1/19/21,70,54,0,1115
1/20/21,72,58,0,1116
1/21/21,77,61,0,1117
1/22/21,78,65,0,1118
1/23/21,65,64,0.07,1119
1/24/21,79,65,0,1120
1/25/21,82,69,0,1121
1/26/21,77,67,0,1122
1/27/21,82,69,0.04,1123
1/28/21,70,64,0,1124
1/29/21,66,53,0,1125
1/30/21,72,56,0,1126
1/31/21,78,64,0,1127
2/1/21,67,62,0.23,1128
2/2/21,55,46,0,1129
2/3/21,59,47,0,1130
2/4/21,66,49,0,1131
2/5/21,79,59,0,1132
2/6/21,73,64,0.05,1133
2/7/21,80,71,0.18,1134
2/8/21,72,64,0,1135
2/9/21,86,72,0,1136
2/10/21,85,72,0,1137
2/11/21,84,73,0.01,1138
2/12/21,83,72,0,1139
2/13/21,81,73,0.6,1140
2/14/21,87,74,1.08,1141
2/15/21,87,74,0,1142
2/16/21,76,71,0.35,1143
2/17/21,68,64,0.02,1144
2/18/21,87,73,0,1145
2/19/21,87,73,0.02,1146
2/20/21,67,57,0,1147
2/21/21,73,59,0,1148
2/22/21,82,66,0,1149
2/23/21,76,70,0,1150
2/24/21,81,65,0,1151
2/25/21,81,69,0,1152
2/26/21,83,69,0,1153
2/27/21,87,73,0,1154
2/28/21,88,75,0,1155
3/1/21,87,77,0,1156
3/2/21,82,73,0.05,1157
3/3/21,75,69,0.47,1158
3/4/21,74,62,0,1159
3/5/21,77,63,0,1160
3/6/21,70,63,0,1161
3/7/21,69,60,0,1162
3/8/21,71,56,0,1163
3/9/21,75,61,0,1164
3/10/21,76,64,0,1165
3/11/21,79,66,0,1166
3/12/21,81,68,0,1167
3/13/21,82,68,0,1168
3/14/21,83,69,0,1169
3/15/21,84,71,0,1170
3/16/21,86,72,0,1171
3/17/21,88,75,0,1172
3/18/21,89,76,0,1173
3/19/21,75,70,0,1174
3/20/21,69,60,0,1175
3/21/21,62,55,0,1176
3/22/21,74,61,0.03,1177
3/23/21,80,65,0,1178
3/24/21,84,69,0,1179
3/25/21,91,75,0,1180
3/26/21,89,78,0,1181
3/27/21,90,78,0,1182
3/28/21,90,77,0,1183
3/29/21,82,75,0,1184
3/30/21,87,74,0,1185
3/31/21,89,77,1.48,1186
4/1/21,77,71,0,1187
4/2/21,66,57,0,1188
4/3/21,72,57,0,1189
4/4/21,75,63,0,1190
4/5/21,78,65,0,1191
4/6/21,80,67,0,1192
4/7/21,82,69,0,1193
4/8/21,83,71,0,1194
4/9/21,86,72,0,1195
4/10/21,90,74,0.25,1196
4/11/21,70,64,1.4,1197
4/12/21,84,70,0,1198
4/13/21,90,74,0,1199
4/14/21,87,74,0,1200
4/15/21,87,74,0.05,1201
4/16/21,85,75,0,1202
4/17/21,88,77,0,1203
4/18/21,85,77,0.3,1204
4/19/21,75,72,0.4,1205
4/20/21,76,71,2.52,1206
4/21/21,85,75,0,1207
4/22/21,80,71,0,1208
4/23/21,80,69,0,1209
4/24/21,88,75,0,1210
4/25/21,87,79,1.42,1211
4/26/21,84,74,0,1212
4/27/21,82,73,0,1213
4/28/21,84,74,0,1214
4/29/21,90,77,0,1215
4/30/21,90,80,0,1216
5/1/21,89,79,0,1217
5/2/21,92,80,0,1218
5/3/21,94,81,0,1219
5/4/21,94,81,0.13,1220
5/5/21,93,83,0,1221
5/6/21,92,81,0,1222
5/7/21,84,78,0,1223
5/8/21,86,73,0,1224
5/9/21,90,76,0,1225
5/10/21,93,80,0,1226
5/11/21,91,81,0,1227
5/12/21,90,78,0.01,1228
5/13/21,80,74,0,1229
5/14/21,86,73,0,1230
5/15/21,86,73,0,1231
5/16/21,84,74,0,1232
5/17/21,84,74,0,1233
5/18/21,86,76,0,1234
5/19/21,86,76,0,1235
5/20/21,85,76,0.03,1236
5/21/21,86,75,0,1237
5/22/21,86,75,0,1238
5/23/21,87,75,0,1239
5/24/21,89,75,0,1240
5/25/21,91,77,0,1241
5/26/21,92,78,0,1242
5/27/21,92,79,0,1243
5/28/21,94,80,0,1244
5/29/21,93,82,0,1245
5/30/21,92,80,0,1246
5/31/21,88,79,0,1247
6/1/21,93,79,0,1248
6/2/21,89,78,0,1249
6/3/21,89,78,0.05,1250
6/4/21,90,78,0.2,1251
6/5/21,90,80,0.05,1252
6/6/21,93,82,0,1253
6/7/21,93,82,0,1254
6/8/21,94,83,0,1255
6/9/21,94,82,0,1256
6/10/21,94,82,0,1257
6/11/21,96,84,0,1258
6/12/21,96,83,0.09,1259
6/13/21,90,80,0.36,1260
6/14/21,91,78,0.94,1261
6/15/21,88,77,0.1,1262
6/16/21,89,78,0.11,1263
6/17/21,88,78,0,1264
6/18/21,90,80,0,1265
6/19/21,93,83,0,1266
6/20/21,94,85,0,1267
6/21/21,93,83,0.63,1268
6/22/21,93,78,1.12,1269
6/23/21,92,78,0.21,1270
6/24/21,88,79,1.96,1271
6/25/21,86,77,0.12,1272
6/26/21,87,77,0.11,1273
6/27/21,90,81,0,1274
6/28/21,90,81,0,1275
6/29/21,87,80,0.27,1276
6/30/21,87,77,0.74,1277
7/1/21,87,78,0.13,1278
7/2/21,86,77,0.04,1279
7/3/21,79,77,0.61,1280
7/4/21,91,79,0,1281
7/5/21,91,79,0.01,1282
7/6/21,87,79,0.01,1283
7/7/21,88,81,0.69,1284
7/8/21,90,80,0.37,1285
7/9/21,94,82,0.07,1286
7/10/21,95,81,0,1287
7/11/21,92,81,0.03,1288
7/12/21,90,79,0.08,1289
7/13/21,91,81,0,1290
7/14/21,90,80,0.12,1291
7/15/21,93,82,0,1292
7/16/21,94,83,0,1293
7/17/21,94,85,0,1294
7/18/21,95,83,0.01,1295
7/19/21,94,83,1.64,1296
7/20/21,94,82,0.16,1297
7/21/21,93,82,0,1298
7/22/21,97,86,0.35,1299
7/23/21,93,82,0.47,1300
7/24/21,94,82,0,1301
7/25/21,95,84,0,1302
7/26/21,93,84,0,1303
7/27/21,92,82,0.38,1304
7/28/21,92,81,0.97,1305
7/29/21,94,81,0.3,1306
7/30/21,94,82,0,1307
7/31/21,95,86,0,1308
8/1/21,94,85,0.12,1309
8/2/21,94,82,0.55,1310
8/3/21,90,80,0,1311
8/4/21,87,79,0.16,1312
8/5/21,90,80,0,1313
8/6/21,96,84,2.49,1314
8/7/21,96,82,0,1315
8/8/21,97,83,0.01,1316
8/9/21,94,84,0,1317
8/10/21,92,83,0,1318
8/11/21,91,82,0.6,1319
8/12/21,94,84,0,1320
8/13/21,92,83,0.07,1321
8/14/21,90,80,0.06,1322
8/15/21,89,81,0.06,1323
8/16/21,93,83,0.24,1324
8/17/21,95,84,0,1325
8/18/21,95,85,0,1326
8/19/21,97,86,0,1327
8/20/21,98,84,0.72,1328
8/21/21,96,85,0,1329
8/22/21,95,84,0,1330
8/23/21,90,84,0,1331
8/24/21,92,83,0.4,1332
8/25/21,93,81,0,1333
8/26/21,92,82,0.35,1334
8/27/21,88,81,0.31,1335
8/28/21,92,83,0,1336
8/29/21,94,85,0,1337
8/30/21,94,84,0,1338
8/31/21,95,84,0,1339
9/1/21,87,81,0,1340
9/2/21,93,82,0.92,1341
9/3/21,94,81,0.3,1342
9/4/21,95,82,0,1343
9/5/21,94,83,0,1344
9/6/21,93,83,0.31,1345
9/7/21,94,83,0.19,1346
9/8/21,93,82,1.75,1347
9/9/21,86,78,0.1,1348
9/10/21,92,81,0,1349
9/11/21,90,80,0.05,1350
9/12/21,90,81,0.13,1351
9/13/21,93,83,0,1352
9/14/21,88,81,0.27,1353
9/15/21,92,82,0,1354
9/16/21,90,81,0.04,1355
9/17/21,90,80,0.13,1356
9/18/21,91,80,0.02,1357
9/19/21,90,81,0.1,1358
9/20/21,91,80,0.23,1359
9/21/21,92,79,0.01,1360
9/22/21,91,80,1.02,1361
9/23/21,91,81,0.08,1362
9/24/21,88,80,0,1363
9/25/21,92,81,0,1364
9/26/21,90,80,0,1365
9/27/21,89,78,0,1366
9/28/21,90,78,0,1367
9/29/21,88,78,0,1368
9/30/21,89,79,0,1369
10/1/21,91,80,0.18,1370
10/2/21,90,80,0,1371
10/3/21,90,80,0,1372
10/4/21,91,79,0,1373
10/5/21,90,80,0,1374
10/6/21,93,82,0,1375
10/7/21,95,82,0,1376
10/8/21,91,81,0.37,1377
10/9/21,90,78,0,1378
10/10/21,90,78,0,1379
10/11/21,89,78,0.22,1380
10/12/21,90,80,0,1381
10/13/21,91,80,0.09,1382
10/14/21,90,80,0,1383
10/15/21,91,80,0,1384
10/16/21,90,80,0,1385
10/17/21,86,78,0,1386
10/18/21,85,72,0,1387
10/19/21,85,74,0,1388
10/20/21,87,75,0,1389
10/21/21,89,76,0,1390
10/22/21,90,78,0,1391
10/23/21,90,79,0,1392
10/24/21,88,78,1.03,1393
10/25/21,86,79,0.04,1394
10/26/21,89,79,0,1395
10/27/21,85,73,0,1396
10/28/21,85,74,1.26,1397
10/29/21,84,75,0.01,1398
10/30/21,75,69,0.01,1399
10/31/21,75,68,0,1400
11/1/21,81,67,0,1401
11/2/21,85,73,0,1402
11/3/21,85,74,0,1403
11/4/21,78,71,0.01,1404
11/5/21,72,69,2.46,1405
11/6/21,69,62,0.02,1406
11/7/21,71,58,0,1407
11/8/21,76,64,0,1408
11/9/21,81,66,0,1409
11/10/21,80,69,0.24,1410
11/11/21,85,72,0.6,1411
11/12/21,81,74,0.01,1412
11/13/21,82,71,0,1413
11/14/21,72,64,0,1414
11/15/21,75,61,0,1415
11/16/21,80,64,0,1416
11/17/21,83,69,0,1417
11/18/21,80,72,0.04,1418
11/19/21,83,73,0.56,1419
11/20/21,75,71,0.12,1420
11/21/21,81,73,0,1421
11/22/21,75,71,0.11,1422
11/23/21,67,62,0,1423
11/24/21,75,59,0,1424
11/25/21,79,66,0,1425
11/26/21,78,66,0,1426
11/27/21,72,62,0,1427
11/28/21,69,59,0,1428
11/29/21,71,62,0.03,1429
11/30/21,73,59,0,1430
12/1/21,78,64,0,1431
12/2/21,76,67,0,1432
12/3/21,77,63,0,1433
12/4/21,77,64,0,1434
12/5/21,80,67,0,1435
12/6/21,84,71,0,1436
12/7/21,81,71,0,1437
12/8/21,84,70,0,1438
12/9/21,80,73,0,1439
12/10/21,84,71,0,1440
12/11/21,85,73,0,1441
12/12/21,86,73,0,1442
12/13/21,85,72,0,1443
12/14/21,82,72,0.16,1444
12/15/21,79,70,0.19,1445
12/16/21,84,74,0,1446
12/17/21,83,72,0,1447
12/18/21,84,73,0,1448
12/19/21,86,76,0,1449
12/20/21,76,72,0.7,1450
12/21/21,74,67,1.03,1451
12/22/21,66,59,0,1452
12/23/21,73,59,0,1453
12/24/21,78,64,0,1454
12/25/21,79,66,0,1455
12/26/21,80,67,0,1456
12/27/21,80,68,0,1457
12/28/21,81,68,0,1458
12/29/21,83,70,0,1459
12/30/21,82,71,0,1460
12/31/21,84,72,0,1461
1/1/22,84,73,0,1462
1/2/22,84,72,0,1463
1/3/22,72,69,0.01,1464
1/4/22,76,60,0,1465
1/5/22,78,67,0,1466
1/6/22,75,65,0,1467
1/7/22,78,69,0,1468
1/8/22,80,65,0,1469
1/9/22,83,71,0,1470
1/10/22,80,70,0,1471
1/11/22,73,63,0,1472
1/12/22,75,62,0,1473
1/13/22,74,65,0,1474
1/14/22,68,60,0,1475
1/15/22,73,58,0,1476
1/16/22,69,65,0.46,1477
1/17/22,63,58,0,1478
1/18/22,64,52,0,1479
1/19/22,75,57,0,1480
1/20/22,80,64,0,1481
1/21/22,78,67,0,1482
1/22/22,58,57,0.05,1483
1/23/22,53,48,0,1484
1/24/22,63,47,0,1485
1/25/22,55,52,0.12,1486
1/26/22,63,56,0.2,1487
1/27/22,71,63,0,1488
1/28/22,73,61,0.08,1489
1/29/22,57,51,0,1490
1/30/22,59,44,0,1491
1/31/22,70,50,0,1492
2/1/22,75,57,0,1493
2/2/22,81,64,0,1494
2/3/22,85,71,0,1495
2/4/22,86,72,0,1496
2/5/22,71,66,0.01,1497
2/6/22,69,59,0,1498
2/7/22,66,58,0,1499
2/8/22,58,55,0.33,1500
2/9/22,69,57,0.07,1501
2/10/22,73,56,0,1502
2/11/22,78,62,0,1503
2/12/22,84,69,0,1504
2/13/22,74,68,0.22,1505
2/14/22,66,56,0,1506
2/15/22,74,57,0,1507
2/16/22,81,67,0.03,1508
2/17/22,86,72,0,1509
2/18/22,87,75,0,1510
2/19/22,77,72,0,1511
2/20/22,79,63,0,1512
2/21/22,83,69,0,1513
2/22/22,86,71,0,1514
2/23/22,85,73,0,1515
2/24/22,86,72,0,1516
2/25/22,88,74,0,1517
2/26/22,88,74,0,1518
2/27/22,86,73,0,1519
2/28/22,81,72,0.05,1520
3/1/22,77,65,0,1521
3/2/22,82,66,0,1522
3/3/22,84,69,0,1523
3/4/22,86,73,0,1524
3/5/22,85,72,0,1525
3/6/22,87,74,0,1526
3/7/22,89,76,1.15,1527
3/8/22,89,76,1.02,1528
3/9/22,86,74,0.91,1529
3/10/22,83,73,0.01,1530
3/11/22,88,75,0,1531
3/12/22,77,72,0.55,1532
3/13/22,68,53,0,1533
3/14/22,79,62,0,1534
3/15/22,82,71,1.42,1535
3/16/22,85,72,0.5,1536
3/17/22,85,72,0,1537
3/18/22,91,75,0,1538
3/19/22,89,77,0,1539
3/20/22,81,75,0,1540
3/21/22,81,67,0,1541
3/22/22,86,72,0,1542
3/23/22,88,76,0,1543
3/24/22,82,75,0.15,1544
3/25/22,79,69,0,1545
3/26/22,80,68,0,1546
3/27/22,81,68,0,1547
3/28/22,86,71,0,1548
3/29/22,89,74,0,1549
3/30/22,87,74,0,1550
3/31/22,90,77,0.05,1551
4/1/22,83,76,1.74,1552
4/2/22,82,73,1.35,1553
4/3/22,81,69,0,1554
4/4/22,83,71,0,1555
4/5/22,91,77,0,1556
4/6/22,93,81,0,1557
4/7/22,82,76,1.31,1558
4/8/22,75,69,0,1559
4/9/22,74,65,0,1560
4/10/22,76,63,0,1561
4/11/22,81,67,0,1562
4/12/22,84,72,0,1563
4/13/22,85,74,0,1564
4/14/22,88,77,0,1565
4/15/22,87,76,0.2,1566
4/16/22,90,76,0,1567
4/17/22,89,78,0.6,1568
4/18/22,87,78,0,1569
4/19/22,80,74,0,1570
4/20/22,80,69,0,1571
4/21/22,83,73,0,1572
4/22/22,83,74,0,1573
4/23/22,84,74,0,1574
4/24/22,86,75,0,1575
4/25/22,87,77,0,1576
4/26/22,89,76,0,1577
4/27/22,90,78,0,1578
4/28/22,85,76,0,1579
4/29/22,85,75,0,1580
4/30/22,86,75,0,1581
5/1/22,90,77,0,1582
5/2/22,90,78,0,1583
5/3/22,89,78,0,1584
5/4/22,94,80,0,1585
5/5/22,96,81,0,1586
5/6/22,94,82,0,1587
5/7/22,92,82,0.07,1588
5/8/22,91,79,0,1589
5/9/22,84,76,0,1590
5/10/22,84,71,0,1591
5/11/22,84,72,0,1592
5/12/22,84,73,0,1593
5/13/22,86,73,0.36,1594
5/14/22,90,76,0,1595
5/15/22,89,78,0.3,1596
5/16/22,90,76,0,1597
5/17/22,93,80,0.01,1598
5/18/22,94,81,0,1599
5/19/22,91,81,0,1600
5/20/22,82,78,0.98,1601
5/21/22,92,78,0.43,1602
5/22/22,92,80,0,1603
5/23/22,92,81,0,1604
5/24/22,91,81,0,1605
5/25/22,90,80,0,1606
5/26/22,93,81,0,1607
5/27/22,91,81,0,1608
5/28/22,91,80,0,1609
5/29/22,93,82,0,1610
5/30/22,90,79,0,1611
5/31/22,91,81,0,1612
6/1/22,90,80,0,1613
6/2/22,92,81,0,1614
6/3/22,87,78,0,1615
6/4/22,82,75,0.31,1616
6/5/22,93,79,0.2,1617
6/6/22,93,81,0,1618
6/7/22,96,81,0,1619
6/8/22,96,81,0.75,1620
6/9/22,93,80,0,1621
6/10/22,93,81,0.34,1622
6/11/22,91,79,0.31,1623
6/12/22,91,80,0.49,1624
6/13/22,94,83,0,1625
6/14/22,97,86,0,1626
6/15/22,98,85,0.21,1627
6/16/22,96,85,0,1628
6/17/22,96,85,0,1629
6/18/22,98,82,0.01,1630
6/19/22,95,80,0.06,1631
6/20/22,92,82,0,1632
6/21/22,90,82,0,1633
6/22/22,92,81,0,1634
6/23/22,99,82,0.13,1635
6/24/22,99,84,1.42,1636
6/25/22,93,81,0,1637
6/26/22,91,81,0.22,1638
6/27/22,92,81,0.16,1639
6/28/22,92,82,0,1640
6/29/22,93,83,0,1641
6/30/22,95,82,0,1642
7/1/22,93,81,0.03,1643
7/2/22,91,80,0,1644
7/3/22,91,80,0.08,1645
7/4/22,95,83,0,1646
7/5/22,94,85,0,1647
7/6/22,95,83,0.01,1648
7/7/22,97,83,0,1649
7/8/22,97,85,0,1650
7/9/22,97,86,0,1651
7/10/22,95,82,0.71,1652
7/11/22,93,83,0,1653
7/12/22,96,86,0,1654
7/13/22,98,87,0.05,1655
7/14/22,95,82,0,1656
7/15/22,95,82,0,1657
7/16/22,91,81,0.24,1658
7/17/22,93,80,0,1659
7/18/22,97,83,0,1660
7/19/22,96,83,0.19,1661
7/20/22,95,82,1.17,1662
7/21/22,96,82,0,1663
7/22/22,96,84,0,1664
7/23/22,94,82,1.87,1665
7/24/22,94,83,0,1666
7/25/22,89,82,0.03,1667
7/26/22,91,81,0.49,1668
7/27/22,95,82,0.01,1669
7/28/22,95,84,0,1670
7/29/22,96,85,0,1671
7/30/22,96,84,0,1672
7/31/22,94,84,0.03,1673
8/1/22,98,85,1.72,1674
8/2/22,95,82,0.01,1675
8/3/22,95,80,0.01,1676
8/4/22,94,84,0,1677
8/5/22,94,84,0.04,1678
8/6/22,92,83,0.64,1679
8/7/22,93,84,0,1680
8/8/22,89,81,0.36,1681
8/9/22,88,80,0.43,1682
8/10/22,95,84,0,1683
8/11/22,91,82,0.46,1684
8/12/22,94,82,0.01,1685
8/13/22,93,82,0.46,1686
8/14/22,93,79,0.12,1687
8/15/22,94,82,0,1688
8/16/22,94,84,0,1689
8/17/22,93,85,0,1690
8/18/22,95,83,0,1691
8/19/22,96,82,1.08,1692
8/20/22,96,81,0,1693
8/21/22,95,84,0,1694
8/22/22,96,85,0,1695
8/23/22,96,83,0,1696
8/24/22,96,83,0,1697
8/25/22,95,84,0.18,1698
8/26/22,93,81,0.2,1699
8/27/22,93,80,0.43,1700
8/28/22,92,81,1.1,1701
8/29/22,92,81,0.03,1702
8/30/22,93,84,0.02,1703
8/31/22,95,84,0.58,1704
9/1/22,95,81,0.98,1705
9/2/22,92,82,0,1706
9/3/22,94,83,0,1707
9/4/22,95,84,0,1708
9/5/22,97,85,0,1709
9/6/22,98,85,0,1710
9/7/22,96,83,0.18,1711
9/8/22,91,80,0.59,1712
9/9/22,92,78,0.44,1713
9/10/22,93,80,0.05,1714
9/11/22,96,81,0,1715
9/12/22,93,81,0.05,1716
9/13/22,92,81,0,1717
9/14/22,93,80,0.78,1718
9/15/22,91,79,0.19,1719
9/16/22,91,79,0.03,1720
9/17/22,88,78,0.5,1721
9/18/22,89,79,0,1722
9/19/22,92,80,3.41,1723
9/20/22,93,79,1.15,1724
9/21/22,88,80,0.4,1725
9/22/22,93,82,0,1726
9/23/22,94,81,0.47,1727
9/24/22,90,81,0,1728
9/25/22,92,81,0,1729
9/26/22,94,82,0,1730
9/27/22,84,79,0.09,1731
9/28/22,77,74,7.72,1732
9/29/22,74,71,5.39,1733
9/30/22,80,69,0,1734
10/1/22,86,74,0,1735
10/2/22,87,76,0,1736
10/3/22,85,74,0,1737
10/4/22,82,71,0,1738
10/5/22,85,72,0,1739
10/6/22,86,74,0,1740
10/7/22,85,74,0,1741
10/8/22,86,75,0,1742
10/9/22,88,75,0,1743
10/10/22,89,78,0,1744
10/11/22,90,79,0,1745
10/12/22,87,79,0,1746
10/13/22,85,77,0,1747
10/14/22,90,79,0,1748
10/15/22,87,78,0,1749
10/16/22,89,78,0,1750
10/17/22,88,76,0.34,1751
10/18/22,84,76,0,1752
10/19/22,70,63,0,1753
10/20/22,74,62,0,1754
10/21/22,78,67,0,1755
10/22/22,84,69,0,1756
10/23/22,85,71,0,1757
10/24/22,86,74,0,1758
10/25/22,86,74,0,1759
10/26/22,87,74,0,1760
10/27/22,88,77,0,1761
10/28/22,86,76,1.8,1762
10/29/22,88,76,0,1763
10/30/22,88,76,0,1764
10/31/22,90,78,0,1765
11/1/22,90,79,0,1766
11/2/22,90,79,0.07,1767
11/3/22,86,78,0,1768
11/4/22,86,75,0,1769
11/5/22,86,76,0,1770
11/6/22,88,78,0.02,1771
11/7/22,86,76,0,1772
11/8/22,85,74,1.01,1773
11/9/22,73,71,0.96,1774
11/10/22,74,72,1.95,1775
11/11/22,84,74,0,1776
11/12/22,83,73,0,1777
11/13/22,80,70,0,1778
11/14/22,84,70,0,1779
11/15/22,82,74,0,1780
11/16/22,81,74,0,1781
11/17/22,67,62,0,1782
11/18/22,69,58,0,1783
11/19/22,76,61,0,1784
11/20/22,61,59,0.24,1785
11/21/22,78,65,0.02,1786
11/22/22,76,69,0,1787
11/23/22,77,69,0,1788
11/24/22,84,72,0,1789
11/25/22,85,75,0,1790
11/26/22,82,75,0,1791
11/27/22,86,76,0,1792
11/28/22,78,72,0,1793
11/29/22,82,68,0,1794
11/30/22,84,72,0,1795
12/1/22,78,69,0,1796
12/2/22,81,70,0,1797
12/3/22,83,71,0,1798
12/4/22,80,69,0,1799
12/5/22,79,71,0,1800
12/6/22,83,71,0,1801
12/7/22,82,71,0,1802
12/8/22,84,72,0,1803
12/9/22,82,71,0,1804
12/10/22,81,69,0,1805
12/11/22,75,67,0,1806
12/12/22,74,65,0,1807
12/13/22,77,65,0.02,1808
12/14/22,80,70,0,1809
12/15/22,74,70,0.53,1810
12/16/22,69,63,0,1811
12/17/22,72,60,0,1812
12/18/22,68,62,0.05,1813
12/19/22,75,57,0,1814
12/20/22,69,62,0.01,1815
12/21/22,66,62,0.29,1816
12/22/22,68,61,0.05,1817
12/23/22,73,66,0,1818
12/24/22,46,40,0,1819
12/25/22,46,38,0,1820
12/26/22,56,45,0,1821
12/27/22,66,51,0,1822
12/28/22,75,56,0,1823
12/29/22,80,64,0,1824
12/30/22,82,66,0,1825
12/31/22,77,70,0,1826
1/1/23,82,71,0,1827
1/2/23,83,69,0,1828
1/3/23,84,71,0,1829
1/4/23,84,74,0,1830
1/5/23,80,74,0.1,1831
1/6/23,71,63,0,1832
1/7/23,73,59,0,1833
1/8/23,79,62,0,1834
1/9/23,77,66,0,1835
1/10/23,74,63,0,1836
1/11/23,76,60,0,1837
1/12/23,78,61,0,1838
1/13/23,71,59,0.77,1839
1/14/23,55,48,0,1840
1/15/23,60,47,0,1841
1/16/23,68,51,0,1842
1/17/23,75,56,0,1843
1/18/23,77,61,0,1844
1/19/23,82,68,0,1845
1/20/23,82,73,0,1846
1/21/23,73,65,0,1847
1/22/23,85,69,0,1848
1/23/23,71,67,0.01,1849
1/24/23,76,59,0,1850
1/25/23,86,71,0.09,1851
1/26/23,68,66,0.04,1852
1/27/23,66,55,0,1853
1/28/23,73,58,0,1854
1/29/23,84,69,0,1855
1/30/23,86,72,0,1856
1/31/23,85,74,0,1857
2/1/23,83,72,0,1858
2/2/23,85,73,0,1859
2/3/23,79,68,0.22,1860
2/4/23,75,60,0,1861
2/5/23,76,63,0,1862
2/6/23,77,65,0,1863
2/7/23,81,64,0,1864
2/8/23,81,67,0,1865
2/9/23,84,70,0.18,1866
2/10/23,85,73,0.08,1867
2/11/23,84,73,0.06,1868
2/12/23,71,67,0.01,1869
2/13/23,70,58,0,1870
2/14/23,78,61,0,1871
2/15/23,82,69,0,1872
2/16/23,84,72,0,1873
2/17/23,88,74,0,1874
2/18/23,73,67,0,1875
2/19/23,85,67,0,1876
2/20/23,84,71,0,1877
2/21/23,85,72,0,1878
2/22/23,87,72,0,1879
2/23/23,88,75,0,1880
2/24/23,88,75,0,1881
2/25/23,87,75,0,1882
2/26/23,86,75,0,1883
2/27/23,84,71,0,1884
2/28/23,87,74,0,1885
3/1/23,86,74,0,1886
3/2/23,87,73,0,1887
3/3/23,90,75,0,1888
3/4/23,90,78,0,1889
3/5/23,91,78,0.18,1890
3/6/23,90,77,0,1891
3/7/23,87,76,0,1892
3/8/23,84,75,0,1893
3/9/23,82,69,0,1894
3/10/23,85,71,0,1895
3/11/23,82,73,0,1896
3/12/23,86,69,0,1897
3/13/23,84,73,0.15,1898
3/14/23,74,66,0,1899
3/15/23,71,59,0,1900
3/16/23,77,61,0,1901
3/17/23,83,67,0,1902
3/18/23,86,74,0,1903
3/19/23,66,60,0,1904
3/20/23,69,58,0,1905
3/21/23,81,61,0,1906
3/22/23,84,69,0,1907
3/23/23,86,72,0,1908
3/24/23,88,73,0,1909
3/25/23,92,77,0,1910
3/26/23,92,80,0,1911
3/27/23,91,80,0,1912
3/28/23,91,79,0,1913
3/29/23,82,75,0,1914
3/30/23,83,70,0,1915
3/31/23,86,72,0,1916
4/1/23,92,76,0,1917
4/2/23,90,79,0,1918
4/3/23,90,78,0,1919
4/4/23,93,79,0,1920
4/5/23,91,79,0,1921
4/6/23,90,78,0,1922
4/7/23,90,78,0.01,1923
4/8/23,90,77,0,1924
4/9/23,75,73,0.01,1925
4/10/23,81,70,0.09,1926
4/11/23,81,69,0,1927
4/12/23,78,71,0,1928
4/13/23,90,76,0,1929
4/14/23,93,79,0.01,1930
4/15/23,94,80,0.12,1931
4/16/23,88,78,0.02,1932
4/17/23,77,71,0.68,1933
4/18/23,83,68,0,1934
4/19/23,83,70,0,1935
4/20/23,85,73,0,1936
4/21/23,87,74,0,1937
4/22/23,89,77,0,1938
4/23/23,87,78,0,1939
4/24/23,85,73,0.07,1940
4/25/23,87,73,0.04,1941
4/26/23,88,75,0,1942
4/27/23,91,78,0.34,1943
4/28/23,88,74,0,1944
4/29/23,88,77,1.84,1945
4/30/23,82,75,0.41,1946
5/1/23,86,73,0,1947
5/2/23,88,75,0,1948
5/3/23,86,75,0,1949
5/4/23,87,74,0,1950
5/5/23,87,75,0,1951
5/6/23,83,75,0,1952
5/7/23,84,74,0,1953
5/8/23,86,74,0,1954
5/9/23,89,76,0,1955
5/10/23,93,80,0,1956
5/11/23,92,81,0,1957
5/12/23,91,80,0,1958
5/13/23,88,78,0.01,1959
5/14/23,90,78,0,1960
5/15/23,91,78,0,1961
5/16/23,91,79,0,1962
5/17/23,93,81,0,1963
5/18/23,94,80,3.9,1964
5/19/23,91,77,0,1965
5/20/23,92,80,0,1966
5/21/23,92,81,0.35,1967
5/22/23,89,78,1.4,1968
5/23/23,89,76,0.68,1969
5/24/23,84,76,0.02,1970
5/25/23,86,76,0,1971
5/26/23,85,75,0,1972
5/27/23,83,72,0,1973
5/28/23,88,75,0,1974
5/29/23,87,78,0,1975
5/30/23,89,78,0,1976
5/31/23,87,78,0.01,1977
6/1/23,87,78,0,1978
6/2/23,90,80,0,1979
6/3/23,88,77,0.18,1980
6/4/23,89,79,0,1981
6/5/23,88,79,0,1982
6/6/23,89,78,0,1983
6/7/23,90,77,0.31,1984
6/8/23,89,78,0.03,1985
6/9/23,92,80,0.33,1986
6/10/23,93,80,1.65,1987
6/11/23,93,80,0,1988
6/12/23,94,83,0,1989
6/13/23,95,85,0,1990
6/14/23,95,84,0,1991
6/15/23,96,83,0.16,1992
6/16/23,93,80,0.09,1993
6/17/23,89,79,0.83,1994
6/18/23,92,80,0.04,1995
6/19/23,95,83,0,1996
6/20/23,91,77,0.47,1997
6/21/23,90,76,0.1,1998
6/22/23,92,77,1.21,1999
6/23/23,91,79,0,2000
6/24/23,92,81,0.54,2001
6/25/23,94,81,0,2002
6/26/23,95,82,0,2003
6/27/23,94,85,0,2004
6/28/23,93,85,1.37,2005
6/29/23,95,83,0,2006
6/30/23,94,84,0,2007
7/1/23,95,83,0,2008
7/2/23,96,84,0,2009
7/3/23,98,85,0.05,2010
7/4/23,97,84,0.54,2011
7/5/23,96,83,0.01,2012
7/6/23,95,84,0,2013
7/7/23,92,83,0.48,2014
7/8/23,87,80,0.02,2015
7/9/23,95,84,0,2016
7/10/23,93,84,0.28,2017
7/11/23,89,80,0.02,2018
7/12/23,91,83,0,2019
7/13/23,95,84,0.18,2020
7/14/23,95,84,0,2021
7/15/23,94,82,0.06,2022
7/16/23,92,81,1.13,2023
7/17/23,92,81,0.1,2024
7/18/23,90,81,1.44,2025
7/19/23,96,83,0.02,2026
7/20/23,96,85,0,2027
7/21/23,97,86,0,2028
7/22/23,96,87,0,2029
7/23/23,95,82,0.02,2030
7/24/23,92,81,0,2031
7/25/23,94,82,0,2032
7/26/23,93,82,0.03,2033
7/27/23,87,80,0.04,2034
7/28/23,91,82,0,2035
7/29/23,94,82,0,2036
7/30/23,98,85,0.73,2037
7/31/23,93,79,1.67,2038
8/1/23,94,80,0,2039
8/2/23,93,84,0,2040
8/3/23,92,84,0,2041
8/4/23,95,84,0,2042
8/5/23,96,84,0,2043
8/6/23,93,84,0.74,2044
8/7/23,98,88,0,2045
8/8/23,99,90,0,2046
8/9/23,99,89,0,2047
8/10/23,98,87,0.06,2048
8/11/23,99,87,0,2049
8/12/23,100,88,0,2050
8/13/23,96,86,0,2051
8/14/23,96,86,0,2052
8/15/23,97,85,1.09,2053
8/16/23,95,82,0.32,2054
8/17/23,94,80,1.63,2055
8/18/23,92,80,0,2056
8/19/23,94,82,0,2057
8/20/23,89,83,0.03,2058
8/21/23,93,85,0,2059
8/22/23,94,85,0,2060
8/23/23,94,84,0,2061
8/24/23,93,85,0,2062
8/25/23,93,84,0,2063
8/26/23,94,84,0,2064
8/27/23,93,83,0.49,2065
8/28/23,94,84,0,2066
8/29/23,93,83,0.02,2067
8/30/23,85,79,2.54,2068
8/31/23,91,81,1.23,2069
9/1/23,91,81,1.7,2070
9/2/23,88,81,0,2071
9/3/23,90,81,0,2072
9/4/23,91,81,0,2073
9/5/23,92,81,0,2074
9/6/23,95,83,0,2075
9/7/23,94,82,0,2076
9/8/23,88,79,0.89,2077
9/9/23,91,78,0,2078
9/10/23,94,82,0,2079
9/11/23,95,85,2.48,2080
9/12/23,94,82,0,2081
9/13/23,92,83,0,2082
9/14/23,93,83,0,2083
9/15/23,95,84,0,2084
9/16/23,91,82,0.05,2085
9/17/23,94,83,0,2086
9/18/23,92,83,0,2087
9/19/23,88,80,0,2088
9/20/23,92,81,0.38,2089
9/21/23,90,78,0.19,2090
9/22/23,88,78,0,2091
9/23/23,87,77,0,2092
9/24/23,88,77,0,2093
9/25/23,92,81,0.27,2094
9/26/23,89,80,0.34,2095
9/27/23,88,78,0.82,2096
9/28/23,89,78,0.16,2097
9/29/23,90,79,0,2098
9/30/23,90,81,0,2099
10/1/23,81,78,1.52,2100
10/2/23,86,78,0.02,2101
10/3/23,87,78,0.01,2102
10/4/23,86,78,0.03,2103
10/5/23,88,79,0.15,2104
10/6/23,90,80,0,2105
10/7/23,89,80,0,2106
10/8/23,78,74,0,2107
10/9/23,82,71,0,2108
10/10/23,86,74,0,2109
10/11/23,86,77,0.25,2110
10/12/23,88,81,0.06,2111
10/13/23,91,82,0.03,2112
10/14/23,85,79,0,2113
10/15/23,82,74,0,2114
10/16/23,72,67,0,2115
10/17/23,72,63,0,2116
10/18/23,79,65,0,2117
10/19/23,84,71,0,2118
10/20/23,83,73,0,2119
10/21/23,87,75,0,2120
10/22/23,86,72,0,2121
10/23/23,87,74,0,2122
10/24/23,85,74,0,2123
10/25/23,85,74,0,2124
10/26/23,86,75,0,2125
10/27/23,86,76,0,2126
10/28/23,86,75,0,2127
10/29/23,87,76,0,2128
10/30/23,87,75,0,2129
10/31/23,85,75,0,2130
11/1/23,70,68,0,2131
11/2/23,79,64,0,2132
11/3/23,80,68,0,2133
11/4/23,80,69,0,2134
11/5/23,82,69,0,2135
11/6/23,84,67,0,2136
11/7/23,85,72,0,2137
11/8/23,85,72,0,2138
11/9/23,85,73,0,2139
11/10/23,89,76,0,2140
11/11/23,89,79,0.11,2141
11/12/23,79,75,0,2142
11/13/23,81,72,0,2143
11/14/23,79,72,0.07,2144
11/15/23,77,73,0.29,2145
11/16/23,72,71,3.48,2146
11/17/23,76,72,1.08,2147
11/18/23,79,72,0,2148
11/19/23,83,71,0,2149
11/20/23,84,72,0,2150
11/21/23,84,74,0,2151
11/22/23,82,73,0.04,2152
11/23/23,72,64,0,2153
11/24/23,64,60,0,2154
11/25/23,78,65,0,2155
11/26/23,79,70,0.14,2156
11/27/23,73,68,0,2157
11/28/23,59,56,0,2158
11/29/23,70,55,0,2159
11/30/23,76,60,0,2160
12/1/23,84,71,0,2161
12/2/23,86,77,0,2162
12/3/23,86,76,0,2163
12/4/23,83,74,0,2164
12/5/23,74,65,0,2165
12/6/23,65,60,0,2166
12/7/23,71,57,0,2167
12/8/23,76,63,0,2168
12/9/23,83,70,0,2169
12/10/23,82,72,0.31,2170
12/11/23,67,60,0,2171
12/12/23,74,58,0,2172
12/13/23,78,66,0,2173
12/14/23,74,67,0,2174
12/15/23,73,68,0,2175
12/16/23,70,68,2.33,2176
12/17/23,73,69,0.58,2177
12/18/23,69,62,0,2178
12/19/23,63,55,0,2179
12/20/23,67,55,0,2180
12/21/23,73,63,0,2181
12/22/23,73,62,0,2182
12/23/23,77,66,0,2183
12/24/23,73,65,0.01,2184
12/25/23,72,68,0,2185
12/26/23,77,69,0.04,2186
12/27/23,74,66,0.03,2187
12/28/23,65,60,0.37,2188
12/29/23,62,56,0,2189
12/30/23,60,53,0,2190
12/31/23,68,55,0,2191
1/1/24,72,56,0,2192
1/2/24,64,58,0,2193
1/3/24,71,56,0.01,2194
1/4/24,65,60,0,2195
1/5/24,74,59,0,2196
1/6/24,80,69,0.58,2197
1/7/24,70,65,0.09,2198
1/8/24,68,58,0,2199
1/9/24,80,72,0.47,2200
1/10/24,65,58,0,2201
1/11/24,66,55,0.05,2202
1/12/24,80,66,0.06,2203
1/13/24,76,70,0.01,2204
1/14/24,57,54,0.08,2205
1/15/24,77,62,0.02,2206
1/16/24,79,70,0.08,2207
1/17/24,62,57,0,2208
1/18/24,75,57,0.09,2209
1/19/24,77,62,0.04,2210
1/20/24,60,55,0,2211
1/21/24,61,48,0,2212
1/22/24,71,54,0,2213
1/23/24,77,67,0,2214
1/24/24,80,70,0,2215
1/25/24,85,73,0,2216
1/26/24,82,72,0,2217
1/27/24,85,73,0,2218
1/28/24,73,70,0.01,2219
1/29/24,62,55,0,2220
1/30/24,70,56,0,2221
1/31/24,73,59,0,2222
2/1/24,71,58,0,2223
2/2/24,73,60,0,2224
2/3/24,76,61,0,2225
2/4/24,74,66,0.02,2226
2/5/24,69,61,0,2227
2/6/24,69,59,0,2228
2/7/24,70,58,0,2229
2/8/24,75,60,0,2230
2/9/24,78,65,0,2231
2/10/24,81,67,0,2232
2/11/24,83,72,0,2233
2/12/24,85,74,0.04,2234
2/13/24,72,69,0,2235
2/14/24,74,60,0,2236
2/15/24,77,62,0,2237
2/16/24,79,67,0,2238
2/17/24,67,63,0.6,2239
2/18/24,59,58,1.51,2240
2/19/24,67,57,0.13,2241
2/20/24,70,57,0,2242
2/21/24,70,58,0,2243
2/22/24,76,59,0,2244
2/23/24,79,63,0.11,2245
2/24/24,74,66,0,2246
2/25/24,75,62,0,2247
2/26/24,77,62,0,2248
2/27/24,80,66,0,2249
2/28/24,85,70,0,2250
2/29/24,79,70,0,2251
3/1/24,83,71,0,2252
3/2/24,82,73,0,2253
3/3/24,81,71,0.33,2254
3/4/24,82,69,0,2255
3/5/24,80,71,0,2256
3/6/24,83,74,0.08,2257
3/7/24,84,72,0,2258
3/8/24,88,74,0,2259
3/9/24,90,78,0,2260
3/10/24,79,75,0.01,2261
3/11/24,75,65,0,2262
3/12/24,80,65,0,2263
3/13/24,84,70,0,2264
3/14/24,87,74,0,2265
3/15/24,88,75,0,2266
3/16/24,86,75,0,2267
3/17/24,86,74,0,2268
3/18/24,87,76,0,2269
3/19/24,69,65,0,2270
3/20/24,76,60,0,2271
3/21/24,82,66,0,2272
3/22/24,74,69,0.94,2273
3/23/24,83,72,0.02,2274
3/24/24,78,68,0.01,2275
3/25/24,80,69,0,2276
3/26/24,86,74,0,2277
3/27/24,84,75,0,2278
3/28/24,80,74,0,2279
3/29/24,79,67,0,2280
3/30/24,82,68,0,2281
3/31/24,82,70,0,2282
4/1/24,86,72,0,2283
4/2/24,88,75,0,2284
4/3/24,88,76,0.81,2285
4/4/24,78,67,0,2286
4/5/24,80,67,0,2287
4/6/24,78,68,0,2288
4/7/24,80,66,0,2289
4/8/24,79,68,0,2290
4/9/24,83,71,0,2291
4/10/24,88,75,0,2292
4/11/24,83,76,0.38,2293
4/12/24,81,71,0,2294
4/13/24,81,69,0,2295
4/14/24,84,68,0,2296
4/15/24,85,72,0,2297
4/16/24,85,72,0,2298
4/17/24,85,74,0,2299
4/18/24,88,75,0,2300
4/19/24,91,77,0,2301
4/20/24,91,79,0,2302
4/21/24,89,78,0,2303
4/22/24,78,71,0.14,2304
4/23/24,79,66,0,2305
4/24/24,83,68,0,2306
4/25/24,85,71,0,2307
4/26/24,85,73,0,2308
4/27/24,85,74,0,2309
4/28/24,82,73,0,2310
4/29/24,87,72,0,2311
4/30/24,88,75,0,2312
5/1/24,92,76,0,2313
5/2/24,91,78,0,2314
5/3/24,90,77,0,2315
5/4/24,87,76,0.04,2316
5/5/24,89,78,0,2317
5/6/24,91,78,0,2318
5/7/24,92,79,0,2319
5/8/24,96,82,0,2320
5/9/24,97,83,0,2321
5/10/24,93,83,0,2322
5/11/24,92,82,0.49,2323
5/12/24,85,77,0,2324
5/13/24,88,78,0.17,2325
5/14/24,91,79,0.27,2326
5/15/24,87,81,0.13,2327
5/16/24,93,82,0,2328
5/17/24,91,78,0.31,2329
5/18/24,96,82,0.07,2330
5/19/24,92,81,0,2331
5/20/24,90,81,0,2332
5/21/24,90,77,0,2333
5/22/24,91,80,0,2334
5/23/24,92,79,0,2335
5/24/24,93,80,0,2336
5/25/24,95,81,0.06,2337
5/26/24,97,81,0,2338
5/27/24,97,85,0,2339
5/28/24,95,85,0.26,2340
5/29/24,97,85,0,2341
5/30/24,96,83,0,2342
5/31/24,92,81,0,2343
6/1/24,89,79,0,2344
6/2/24,90,78,0,2345
6/3/24,91,80,0,2346
6/4/24,92,80,0,2347
6/5/24,97,82,0,2348
6/6/24,99,85,0.89,2349
6/7/24,96,82,0,2350
6/8/24,97,86,0,2351
6/9/24,98,87,0,2352
6/10/24,97,86,0.31,2353
6/11/24,88,79,0.42,2354
6/12/24,89,79,0.07,2355
6/13/24,93,81,0.03,2356
6/14/24,93,82,0,2357
6/15/24,92,81,0,2358
6/16/24,94,82,0,2359
6/17/24,89,82,0.06,2360
6/18/24,89,79,0,2361
6/19/24,84,77,0.92,2362
6/20/24,90,81,0.01,2363
6/21/24,90,80,0.14,2364
6/22/24,93,83,0,2365
6/23/24,93,81,0.31,2366
6/24/24,94,82,0,2367
6/25/24,96,83,1.28,2368
6/26/24,95,81,0.6,2369
6/27/24,93,81,0.02,2370
6/28/24,91,81,0.54,2371
6/29/24,93,80,0.69,2372
6/30/24,91,79,0.08,2373
7/1/24,92,82,0,2374
7/2/24,95,84,0,2375
7/3/24,96,85,0,2376
7/4/24,95,84,0.17,2377
7/5/24,95,85,0,2378
7/6/24,94,84,0,2379
7/7/24,97,85,0,2380
7/8/24,98,86,1.85,2381
7/9/24,94,80,0.03,2382
7/10/24,93,82,0,2383
7/11/24,87,83,0.03,2384
7/12/24,96,85,0,2385
7/13/24,95,83,0.02,2386
7/14/24,96,83,0.28,2387
7/15/24,95,81,0.4,2388
7/16/24,95,81,0.12,2389
7/17/24,94,81,0,2390
7/18/24,96,84,0,2391
7/19/24,95,85,0,2392
7/20/24,97,85,0,2393
7/21/24,96,85,0,2394
7/22/24,96,84,0,2395
7/23/24,96,82,0,2396
7/24/24,95,85,0,2397
7/25/24,94,84,0.07,2398
7/26/24,96,85,0,2399
7/27/24,96,82,0.26,2400
7/28/24,95,80,1.35,2401
7/29/24,92,81,0.11,2402
7/30/24,96,84,0.1,2403
7/31/24,95,83,0,2404
8/1/24,96,84,0.01,2405
8/2/24,95,83,0.05,2406
8/3/24,90,81,0,2407
8/4/24,89,80,0.43,2408
8/5/24,86,80,1,2409
8/6/24,93,84,0.13,2410
8/7/24,96,87,0,2411
8/8/24,95,86,0,2412
8/9/24,96,84,0.07,2413
8/10/24,93,83,0.07,2414
8/11/24,95,81,0.01,2415
8/12/24,92,80,0.43,2416
8/13/24,95,84,0,2417
8/14/24,97,86,0,2418
8/15/24,92,84,0,2419
8/16/24,91,83,0,2420
8/17/24,93,82,0,2421
8/18/24,94,82,0,2422
8/19/24,96,84,0,2423
8/20/24,93,82,0.12,2424
8/21/24,91,79,0.89,2425
8/22/24,85,78,0.56,2426
8/23/24,93,81,2.86,2427
8/24/24,93,80,0.01,2428
8/25/24,94,81,0,2429
8/26/24,93,82,0.35,2430
8/27/24,93,83,0,2431
8/28/24,92,82,0.03,2432
8/29/24,89,80,0.51,2433
8/30/24,90,81,0.26,2434
8/31/24,91,82,0,2435
9/1/24,91,80,0.08,2436
9/2/24,91,79,0.1,2437
9/3/24,93,80,0,2438
9/4/24,92,82,0.44,2439
9/5/24,89,80,0.35,2440
9/6/24,92,80,0.4,2441
9/7/24,94,81,0.05,2442
9/8/24,92,82,0.76,2443
9/9/24,89,79,0.42,2444
9/10/24,91,81,1.41,2445
9/11/24,90,80,0.13,2446
9/12/24,90,81,0.07,2447
9/13/24,91,82,0,2448
9/14/24,91,81,0.37,2449
9/15/24,90,80,0.15,2450
9/16/24,90,81,0,2451
9/17/24,92,81,0,2452
9/18/24,93,81,0,2453
9/19/24,93,82,0,2454
9/20/24,91,81,0,2455
9/21/24,91,81,0,2456
9/22/24,90,80,0,2457
9/23/24,91,81,0.1,2458
9/24/24,92,81,0,2459
9/25/24,90,81,0.04,2460
9/26/24,90,81,0.24,2461
9/27/24,92,83,0.03,2462
9/28/24,88,80,0.21,2463
9/29/24,93,83,0.03,2464
9/30/24,95,83,0,2465
10/1/24,93,84,0.01,2466
10/2/24,92,80,0.03,2467
10/3/24,91,82,0,2468
10/4/24,93,82,0,2469
10/5/24,91,82,0,2470
10/6/24,77,76,0.46,2471
10/7/24,78,73,0.19,2472
10/8/24,88,78,0,2473
10/9/24,81,76,3.79,2474
10/10/24,75,73,0.49,2475
10/11/24,84,74,0,2476
10/12/24,87,75,0,2477
10/13/24,88,76,0,2478
10/14/24,86,76,0,2479
10/15/24,87,77,0,2480
10/16/24,74,71,0,2481
10/17/24,76,64,0,2482
10/18/24,81,70,0,2483
10/19/24,84,74,0,2484
10/20/24,85,73,0.06,2485
10/21/24,85,75,0.01,2486
10/22/24,87,76,0,2487
10/23/24,86,76,0,2488
10/24/24,86,74,0,2489
10/25/24,87,74,0,2490
10/26/24,85,75,0,2491
10/27/24,84,73,0,2492
10/28/24,83,74,0,2493
10/29/24,86,74,0,2494
10/30/24,86,76,0.09,2495
10/31/24,85,76,0,2496
11/1/24,84,74,0.01,2497
11/2/24,82,74,0.03,2498
11/3/24,84,76,0,2499
11/4/24,86,75,0.02,2500
11/5/24,84,76,0,2501
11/6/24,86,79,0.5,2502
11/7/24,87,80,0,2503
11/8/24,88,78,0,2504
11/9/24,86,76,0,2505
11/10/24,87,76,0,2506
11/11/24,88,77,0,2507
11/12/24,87,77,0,2508
11/13/24,83,75,0,2509
11/14/24,84,74,0,2510
11/15/24,78,71,0,2511
11/16/24,80,67,0,2512
11/17/24,80,70,0,2513
11/18/24,78,69,0,2514
11/19/24,83,71,0,2515
11/20/24,81,74,0,2516
11/21/24,71,66,0,2517
11/22/24,68,58,0,2518
11/23/24,67,56,0,2519
11/24/24,74,58,0,2520
11/25/24,78,63,0,2521
11/26/24,81,66,0,2522
11/27/24,83,67,0,2523
11/28/24,82,68,0,2524
11/29/24,76,68,0.04,2525
11/30/24,69,57,0,2526
12/1/24,68,55,0,2527
12/2/24,66,54,0,2528
12/3/24,63,50,0,2529
12/4/24,69,53,0,2530
12/5/24,73,58,0,2531
12/6/24,72,61,0,2532
12/7/24,70,55,0,2533
12/8/24,75,59,0,2534
12/9/24,80,65,0,2535
12/10/24,82,69,0,2536
12/11/24,79,70,0.03,2537
12/12/24,65,54,0,2538
12/13/24,76,58,0,2539
12/14/24,77,65,0,2540
12/15/24,80,70,0,2541
12/16/24,81,67,0.09,2542
12/17/24,83,71,0.32,2543
12/18/24,81,72,0,2544
12/19/24,81,71,0,2545
12/20/24,71,66,0,2546
12/21/24,62,55,0,2547
12/22/24,70,55,0,2548
12/23/24,77,62,0,2549
12/24/24,66,60,0,2550
12/25/24,69,59,0,2551
12/26/24,80,65,0,2552
12/27/24,78,68,0,2553
12/28/24,77,70,0,2554
12/29/24,79,71,1.1,2555
12/30/24,77,69,0.03,2556
12/31/24,77,69,0.26,2557
1/1/25,73,67,0,2558
1/2/25,67,57,0,2559
1/3/25,67,55,0,2560
1/4/25,65,54,0,2561
1/5/25,72,55,0,2562
1/6/25,79,64,0,2563
1/7/25,57,50,0,2564
1/8/25,60,49,0,2565
1/9/25,56,47,0,2566
1/10/25,72,52,0,2567
1/11/25,66,61,0.02,2568
1/12/25,64,51,0,2569
1/13/25,71,59,0,2570
1/14/25,66,58,0,2571
1/15/25,61,53,0,2572
1/16/25,63,55,0,2573
1/17/25,70,59,0,2574
1/18/25,74,65,0.02,2575
1/19/25,75,68,0.41,2576
1/20/25,57,53,0,2577
1/21/25,59,51,0.74,2578
1/22/25,47,42,0.31,2579
1/23/25,49,44,0.07,2580
1/24/25,57,47,0,2581
1/25/25,66,49,0,2582
1/26/25,73,55,0,2583
1/27/25,74,61,0,2584
1/28/25,75,62,0,2585
1/29/25,73,62,0,2586
1/30/25,78,64,0,2587
1/31/25,83,69,0,2588
2/1/25,72,68,0,2589
2/2/25,81,69,0,2590
2/3/25,83,72,0,2591
2/4/25,84,74,0,2592
2/5/25,84,71,0,2593
2/6/25,82,72,0,2594
2/7/25,81,70,0,2595
2/8/25,83,71,0,2596
2/9/25,84,71,0,2597
2/10/25,84,72,0,2598
2/11/25,85,74,0,2599
2/12/25,86,73,0,2600
2/13/25,88,76,0,2601
2/14/25,78,71,0,2602
2/15/25,85,74,0.01,2603
2/16/25,86,72,0.02,2604
2/17/25,71,62,0,2605
2/18/25,77,61,0,2606
2/19/25,82,69,0.1,2607
2/20/25,67,60,0,2608
2/21/25,63,51,0,2609
2/22/25,71,56,0,2610
2/23/25,77,63,0,2611
2/24/25,65,62,1.14,2612
2/25/25,68,63,0.02,2613
2/26/25,79,65,0,2614
2/27/25,82,69,0,2615
2/28/25,79,68,0,2616
3/1/25,74,64,0,2617
3/2/25,78,66,0,2618
3/3/25,78,62,0,2619
3/4/25,79,68,0,2620
3/5/25,82,70,0.1,2621
3/6/25,70,63,0,2622
3/7/25,76,60,0,2623
3/8/25,82,66,0,2624
3/9/25,85,72,0,2625
3/10/25,80,70,0.06,2626
3/11/25,78,64,0,2627
3/12/25,79,64,0,2628
3/13/25,80,66,0,2629
3/14/25,83,70,0,2630
3/15/25,88,74,0,2631
3/16/25,88,76,0.01,2632
3/17/25,72,68,0,2633
3/18/25,80,63,0,2634
3/19/25,83,64,0,2635
3/20/25,84,67,0,2636
3/21/25,69,59,0,2637
3/22/25,76,60,0,2638
3/23/25,81,65,0,2639
3/24/25,85,70,0,2640
3/25/25,84,73,0,2641
3/26/25,88,73,0,2642
3/27/25,86,72,0,2643
3/28/25,82,70,0,2644
3/29/25,85,72,0,2645
3/30/25,89,75,0.62,2646
3/31/25,89,74,0,2647
4/1/25,90,77,0.27,2648
4/2/25,90,79,0,2649
4/3/25,90,79,0,2650
4/4/25,89,78,0,2651
4/5/25,90,78,0,2652
4/6/25,90,78,0,2653
4/7/25,89,79,0.03,2654
4/8/25,77,71,0.06,2655
4/9/25,80,69,0,2656
4/10/25,83,70,0,2657
4/11/25,84,72,0.01,2658
4/12/25,77,68,0,2659
4/13/25,80,68,0,2660
4/14/25,86,71,0,2661
4/15/25,84,73,0,2662
4/16/25,84,73,0,2663
4/17/25,86,70,0,2664
4/18/25,86,73,0,2665
4/19/25,85,74,0,2666
4/20/25,88,75,0,2667
4/21/25,89,75,0,2668
4/22/25,87,75,0,2669
4/23/25,88,75,0,2670
4/24/25,86,75,0,2671
4/25/25,88,76,0,2672
4/26/25,89,76,0,2673
4/27/25,92,77,0,2674
4/28/25,90,77,0,2675
4/29/25,86,76,0,2676
4/30/25,85,74,0,2677
5/1/25,88,74,0,2678
5/2/25,87,75,0,2679
5/3/25,90,77,0,2680
5/4/25,87,77,0.94,2681
5/5/25,90,78,0.2,2682
5/6/25,93,77,0,2683
5/7/25,93,80,0.38,2684
5/8/25,90,78,1.39,2685
5/9/25,92,78,0.85,2686
5/10/25,89,76,0.06,2687
5/11/25,86,77,0.49,2688
5/12/25,76,73,3.65,2689
5/13/25,84,76,0,2690
5/14/25,90,78,0,2691
5/15/25,93,80,0,2692
5/16/25,96,83,0,2693
5/17/25,94,83,0,2694
5/18/25,94,84,0,2695
5/19/25,95,85,0,2696
5/20/25,95,85,0,2697
5/21/25,96,84,0,2698
5/22/25,93,83,0,2699
5/23/25,95,82,0,2700
5/24/25,96,82,0,2701
5/25/25,94,78,0.22,2702
5/26/25,94,81,1.88,2703
5/27/25,94,81,0.53,2704
5/28/25,93,81,0,2705
5/29/25,93,81,0.1,2706
5/30/25,90,78,1.51,2707
5/31/25,83,77,0.98,2708
6/1/25,89,79,0,2709
6/2/25,89,80,0,2710
6/3/25,85,77,0.03,2711
6/4/25,87,76,0.62,2712
6/5/25,90,80,0,2713
6/6/25,93,83,0.03,2714
6/7/25,92,83,0,2715
6/8/25,94,83,0.02,2716
6/9/25,94,83,0,2717
6/10/25,95,83,0.13,2718
6/11/25,91,81,0,2719
6/12/25,92,82,0,2720
6/13/25,95,83,0,2721
6/14/25,94,84,0,2722
6/15/25,94,84,0,2723
6/16/25,94,84,0,2724
6/17/25,95,83,1.09,2725
6/18/25,94,82,0,2726
6/19/25,93,82,0,2727
6/20/25,92,79,0.03,2728
6/21/25,92,81,0,2729
6/22/25,91,82,0.33,2730
6/23/25,91,82,0.02,2731
6/24/25,93,83,0,2732
6/25/25,92,83,0,2733
6/26/25,91,81,0,2734
6/27/25,93,79,1.65,2735
6/28/25,92,79,0.08,2736
6/29/25,88,77,0.67,2737
6/30/25,86,77,0.01,2738
7/1/25,91,79,0.13,2739
7/2/25,90,78,0.68,2740
7/3/25,88,78,1.93,2741
7/4/25,88,78,0.35,2742
7/5/25,87,79,0.03,2743
7/6/25,91,82,0,2744
7/7/25,91,83,0.01,2745
7/8/25,93,84,0,2746
7/9/25,95,84,0.57,2747
7/10/25,94,82,0,2748
7/11/25,94,83,0,2749
7/12/25,95,81,0,2750
7/13/25,93,82,0.03,2751
7/14/25,92,80,0.35,2752
7/15/25,85,78,1.23,2753
7/16/25,92,80,0.32,2754
7/17/25,92,82,0,2755
7/18/25,95,85,0,2756
7/19/25,96,86,0,2757
7/20/25,96,85,0.61,2758
7/21/25,95,85,0,2759
7/22/25,90,82,0.02,2760
7/23/25,91,80,0.48,2761
7/24/25,93,81,0.13,2762
7/25/25,92,84,0,2763
7/26/25,95,85,0,2764
7/27/25,97,86,0,2765
7/28/25,98,87,0,2766
7/29/25,98,87,1.37,2767
7/30/25,96,85,0,2768
7/31/25,95,86,1.8,2769
8/1/25,93,83,0.32,2770
8/2/25,94,83,0.12,2771
8/3/25,95,84,0,2772
8/4/25,96,85,0.65,2773
8/5/25,94,82,0,2774
8/6/25,95,81,0.14,2775
8/7/25,92,82,0.03,2776
8/8/25,91,81,0.15,2777
8/9/25,89,79,0,2778
8/10/25,91,79,0.01,2779
8/11/25,94,81,0,2780
8/12/25,94,83,0.04,2781
8/13/25,95,85,0,2782
8/14/25,96,86,0.25,2783
8/15/25,95,84,0.14,2784
8/16/25,95,86,0,2785
8/17/25,93,83,0.52,2786
8/18/25,95,83,0.68,2787
8/19/25,93,82,0.14,2788
8/20/25,92,83,0.39,2789
8/21/25,94,82,1.15,2790
8/22/25,89,79,0.2,2791
8/23/25,87,79,0.61,2792
8/24/25,88,79,0.01,2793
8/25/25,87,79,0,2794
8/26/25,88,79,0.01,2795
8/27/25,94,81,1.03,2796
8/28/25,92,81,0.6,2797
8/29/25,92,80,0,2798
8/30/25,92,,0,2799
8/31/25,87,,0.12,2800
9/1/25,87,,0,2801
9/2/25,90,,0,2802
9/3/25,91,81,0,2803
9/4/25,91,81,0,2804
9/5/25,90,81,0,2805
9/6/25,93,81,1.21,2806
9/7/25,92,81,2.77,2807
9/8/25,88,79,0,2808
9/9/25,87,78,2.26,2809
9/10/25,89,78,0.01,2810
9/11/25,89,80,0,2811
9/12/25,86,79,0,2812
9/13/25,87,78,0,2813
9/14/25,87,78,0,2814
9/15/25,90,78,0,2815
9/16/25,91,80,0.09,2816
9/17/25,86,78,0.01,2817
9/18/25,87,78,0,2818
9/19/25,90,80,0,2819
9/20/25,90,80,0,2820
9/21/25,91,81,0,2821
9/22/25,92,81,0,2822
9/23/25,92,82,0,2823
9/24/25,93,81,0,2824
9/25/25,94,81,0,2825
9/26/25,93,82,0,2826
9/27/25,90,81,0,2827
9/28/25,90,80,0.07,2828
9/29/25,90,79,0,2829
9/30/25,86,78,0,2830
10/1/25,89,79,0,2831
10/2/25,86,77,0.26,2832
10/3/25,86,77,0.17,2833
10/4/25,82,75,1.14,2834
10/5/25,88,78,0.58,2835
10/6/25,80,78,0.36,2836
10/7/25,87,80,0.05,2837
10/8/25,90,79,0,2838
10/9/25,88,79,0.21,2839
10/10/25,83,75,0.16,2840
10/11/25,79,73,0,2841
10/12/25,82,72,0,2842
10/13/25,84,73,0,2843
10/14/25,85,74,0,2844
10/15/25,83,73,0.01,2845
10/16/25,85,74,0,2846
10/17/25,83,75,0,2847
10/18/25,83,72,0,2848
10/19/25,87,74,0.02,2849
10/20/25,84,74,0,2850
10/21/25,88,76,0,2851
10/22/25,85,76,0,2852
10/23/25,84,73,0,2853
10/24/25,84,71,0,2854
10/25/25,84,74,0,2855
10/26/25,84,74,0.14,2856
10/27/25,88,76,1.42,2857
10/28/25,81,72,0,2858
10/29/25,81,69,0.01,2859
10/30/25,74,66,0,2860
10/31/25,69,60,0,2861
11/1/25,75,62,0,2862
11/2/25,80,67,0,2863
11/3/25,77,69,0,2864
11/4/25,80,65,0,2865
11/5/25,82,70,0,2866
11/6/25,76,69,0,2867
11/7/25,85,73,0,2868
11/8/25,87,75,0,2869
11/9/25,84,75,0.06,2870
11/10/25,72,65,0.01,2871
11/11/25,58,47,0,2872
11/12/25,69,52,0,2873
11/13/25,75,59,0,2874
11/14/25,78,64,0,2875
11/15/25,79,66,0,2876
11/16/25,79,66,0,2877
11/17/25,81,69,0,2878
11/18/25,81,69,0,2879
11/19/25,83,70,0,2880
11/20/25,83,70,0,2881
11/21/25,83,71,0,2882
11/22/25,83,71,0,2883
11/23/25,81,71,0,2884
11/24/25,84,74,0,2885
11/25/25,84,72,0,2886
11/26/25,85,73,0,2887
11/27/25,75,69,0,2888
11/28/25,65,56,0,2889
11/29/25,74,60,0,2890
11/30/25,82,68,0,2891
12/1/25,80,69,0,2892
12/2/25,84,72,0.02,2893
12/3/25,76,69,0,2894
12/4/25,80,65,0,2895
12/5/25,84,71,0,2896
12/6/25,83,73,0.2,2897
12/7/25,75,66,2.66,2898
12/8/25,70,65,0.24,2899
12/9/25,70,61,0,2900
12/10/25,71,61,0,2901
12/11/25,67,58,0,2902
12/12/25,73,58,0,2903
12/13/25,78,63,0,2904
12/14/25,79,67,0,2905
12/15/25,66,61,0,2906
12/16/25,73,58,0,2907
12/17/25,78,65,0.01,2908
12/18/25,80,69,0,2909
12/19/25,83,74,0,2910
12/20/25,79,63,0,2911
12/21/25,80,66,0,2912
12/22/25,80,66,0,2913
12/23/25,79,69,0,2914
12/24/25,79,67,0,2915
12/25/25,79,69,0,2916
12/26/25,78,67,0,2917
12/27/25,78,67,0,2918
12/28/25,78,67,0,2919
12/29/25,80,67,0,2920
12/30/25,64,55,0,2921
12/31/25,58,47,0,2922